"","...1","Variable","Beta","CI_Lower","CI_Upper","AIC","BIC","dose","model","effects"
"1","(Intercept)","(Intercept)",3.74969690828863,-2.36061533240394,9.8600091489812,224.297525659113,318.032350306819,"First vs Second","Simple","Fixed"
"2","Pop_per_km2","Pop_per_km2",8.16273802705358e-05,4.59086580341183e-05,0.00011734610250695,224.297525659113,318.032350306819,"First vs Second","Simple","Fixed"
"3","prop_travelling_to_work","prop_travelling_to_work",-4.92827451896244,-10.9480228668159,1.09147382889099,224.297525659113,318.032350306819,"First vs Second","Simple","Fixed"
"4","prop_not_in_work","prop_not_in_work",-0.847444314392385,-7.0880873670401,5.39319873825533,224.297525659113,318.032350306819,"First vs Second","Simple","Fixed"
"5","prop_all_other_white","prop_all_other_white",3.17269216272137,1.66781230293702,4.67757202250572,224.297525659113,318.032350306819,"First vs Second","Simple","Fixed"
"6","prop_mixed_multiple","prop_mixed_multiple",0.252747630786848,-4.74631127486591,5.2518065364396,224.297525659113,318.032350306819,"First vs Second","Simple","Fixed"
"7","prop_asian","prop_asian",1.99579596636319,1.24087893457163,2.75071299815474,224.297525659113,318.032350306819,"First vs Second","Simple","Fixed"
"8","prop_black_afr_car","prop_black_afr_car",-0.608983067245291,-2.66256546798951,1.44459933349893,224.297525659113,318.032350306819,"First vs Second","Simple","Fixed"
"9","prop_other","prop_other",1.40981726926298,-2.50337385182554,5.3230083903515,224.297525659113,318.032350306819,"First vs Second","Simple","Fixed"
"10","IMD_Average_score","IMD_Average_score",0.0225985128378664,-0.0153886906078882,0.060585716283621,224.297525659113,318.032350306819,"First vs Second","Simple","Fixed"
"11","prop_o65","prop_o65",-3.79065951778232,-7.71847775397427,0.137158718409629,224.297525659113,318.032350306819,"First vs Second","Simple","Fixed"
"12","prop_u25","prop_u25",8.55995551167191,4.85672447972463,12.2631865436192,224.297525659113,318.032350306819,"First vs Second","Simple","Fixed"
"13","Median_annual_income","Median_annual_income",-9.42250719429772e-06,-2.71652089652852e-05,8.32019457668978e-06,224.297525659113,318.032350306819,"First vs Second","Simple","Fixed"
"14","Other_proportion","Other_proportion",0.00736936687860801,-0.00899065575771962,0.0237293895149356,224.297525659113,318.032350306819,"First vs Second","Simple","Fixed"
"15","unringfenced_percapita","unringfenced_percapita",0.0258969391119495,0.0161343498918618,0.0356595283320372,224.297525659113,318.032350306819,"First vs Second","Simple","Fixed"
"16","ASC_infection_control_fund_percapita","ASC_infection_control_fund_percapita",0.00607327695224806,-0.00904198008395079,0.0211885339884469,224.297525659113,318.032350306819,"First vs Second","Simple","Fixed"
"17","contain_outbreak_management_percapita","contain_outbreak_management_percapita",0.00026019507628896,-0.0176056456070755,0.0181260357596534,224.297525659113,318.032350306819,"First vs Second","Simple","Fixed"
"18","Income_score","Income_score",4.94875107736517,-2.88875990887614,12.7862620636065,224.297525659113,318.032350306819,"First vs Second","Simple","Fixed"
"19","Employment_score","Employment_score",-4.78864937898999,-14.8380353153726,5.26073655739263,224.297525659113,318.032350306819,"First vs Second","Simple","Fixed"
"20","Education_Skills_and_Training_score","Education_Skills_and_Training_score",0.00082212031805792,-0.0121595412208364,0.0138037818569522,224.297525659113,318.032350306819,"First vs Second","Simple","Fixed"
"21","Health_Deprivation_and_Disability_score","Health_Deprivation_and_Disability_score",0.147199034400976,-0.054546442050759,0.348944510852711,224.297525659113,318.032350306819,"First vs Second","Simple","Fixed"
"22","Crime_score","Crime_score",0.0126957734842649,-0.13692586173738,0.16231740870591,224.297525659113,318.032350306819,"First vs Second","Simple","Fixed"
"23","Barriers_to_Housing_and_Services_score","Barriers_to_Housing_and_Services_score",0.00336285278690626,-0.0089339456826455,0.015659651256458,224.297525659113,318.032350306819,"First vs Second","Simple","Fixed"
"24","Living_Environment_score","Living_Environment_score",0.00850076815496548,0.00056037841105849,0.0164411578988725,224.297525659113,318.032350306819,"First vs Second","Simple","Fixed"
"25","(Intercept)1","(Intercept)",-22.9382575754744,-49.9023099138016,4.02579476285266,1156.58029886913,1250.31512351683,"Second vs Third","Simple","Fixed"
"26","Pop_per_km21","Pop_per_km2",-0.0003475374045325,-0.00050515970890949,-0.0001899151001555,1156.58029886913,1250.31512351683,"Second vs Third","Simple","Fixed"
"27","prop_travelling_to_work1","prop_travelling_to_work",35.9745450803858,9.41014000234345,62.5389501584282,1156.58029886913,1250.31512351683,"Second vs Third","Simple","Fixed"
"28","prop_not_in_work1","prop_not_in_work",30.7890566807317,3.24987058549912,58.3282427759643,1156.58029886913,1250.31512351683,"Second vs Third","Simple","Fixed"
"29","prop_all_other_white1","prop_all_other_white",6.69495211104914,0.0541033780030062,13.3358008440953,1156.58029886913,1250.31512351683,"Second vs Third","Simple","Fixed"
"30","prop_mixed_multiple1","prop_mixed_multiple",-4.771230887783,-26.8314596722817,17.2889978967157,1156.58029886913,1250.31512351683,"Second vs Third","Simple","Fixed"
"31","prop_asian1","prop_asian",23.0239952712792,19.6926397603839,26.3553507821745,1156.58029886913,1250.31512351683,"Second vs Third","Simple","Fixed"
"32","prop_black_afr_car1","prop_black_afr_car",23.9109217630283,14.8487165673641,32.9731269586924,1156.58029886913,1250.31512351683,"Second vs Third","Simple","Fixed"
"33","prop_other1","prop_other",8.17552071912076,-9.0929078067099,25.4439492449514,1156.58029886913,1250.31512351683,"Second vs Third","Simple","Fixed"
"34","IMD_Average_score1","IMD_Average_score",-0.00360417263147622,-0.171237004072822,0.164028658809869,1156.58029886913,1250.31512351683,"Second vs Third","Simple","Fixed"
"35","prop_o651","prop_o65",-32.1541731823671,-49.4871493584113,-14.821197006323,1156.58029886913,1250.31512351683,"Second vs Third","Simple","Fixed"
"36","prop_u251","prop_u25",5.50236519021,-10.839535425171,21.844265805591,1156.58029886913,1250.31512351683,"Second vs Third","Simple","Fixed"
"37","Median_annual_income1","Median_annual_income",-6.59266153369975e-05,-0.00014422296425189,1.23697335779002e-05,1156.58029886913,1250.31512351683,"Second vs Third","Simple","Fixed"
"38","Other_proportion1","Other_proportion",0.0125082317384177,-0.0596865251324938,0.0847029886093292,1156.58029886913,1250.31512351683,"Second vs Third","Simple","Fixed"
"39","unringfenced_percapita1","unringfenced_percapita",0.0447562342523464,0.00167513523175099,0.0878373332729417,1156.58029886913,1250.31512351683,"Second vs Third","Simple","Fixed"
"40","ASC_infection_control_fund_percapita1","ASC_infection_control_fund_percapita",0.0244413883615219,-0.0422603718393835,0.0911431485624274,1156.58029886913,1250.31512351683,"Second vs Third","Simple","Fixed"
"41","contain_outbreak_management_percapita1","contain_outbreak_management_percapita",0.158022358729218,0.0791826130209288,0.236862104437508,1156.58029886913,1250.31512351683,"Second vs Third","Simple","Fixed"
"42","Income_score1","Income_score",12.4306675819313,-22.1552992411441,47.0166344050066,1156.58029886913,1250.31512351683,"Second vs Third","Simple","Fixed"
"43","Employment_score1","Employment_score",15.313019832527,-29.0336776327986,59.6597172978527,1156.58029886913,1250.31512351683,"Second vs Third","Simple","Fixed"
"44","Education_Skills_and_Training_score1","Education_Skills_and_Training_score",0.0922089318301234,0.0349224647258632,0.149495398934384,1156.58029886913,1250.31512351683,"Second vs Third","Simple","Fixed"
"45","Health_Deprivation_and_Disability_score1","Health_Deprivation_and_Disability_score",-1.51446299759682,-2.40474083803804,-0.624185157155607,1156.58029886913,1250.31512351683,"Second vs Third","Simple","Fixed"
"46","Crime_score1","Crime_score",0.550493754483767,-0.10976802006104,1.21075552902857,1156.58029886913,1250.31512351683,"Second vs Third","Simple","Fixed"
"47","Barriers_to_Housing_and_Services_score1","Barriers_to_Housing_and_Services_score",0.0347374874465898,-0.0195267636204346,0.0890017385136143,1156.58029886913,1250.31512351683,"Second vs Third","Simple","Fixed"
"48","Living_Environment_score1","Living_Environment_score",0.0568555196733914,0.021815561614365,0.0918954777324179,1156.58029886913,1250.31512351683,"Second vs Third","Simple","Fixed"
"49","1","(Intercept)",3.71281178179699,-2.45570265131308,9.88132621490707,325.089965342047,422.574182975661,"First vs Second","Simple","Random"
"50","2","Pop_per_km2",8.73095061654194e-05,5.12145024882442e-05,0.00012340450984259,325.089965342047,422.574182975661,"First vs Second","Simple","Random"
"51","3","prop_travelling_to_work",-4.66282508265423,-10.7212278899137,1.39557772460529,325.089965342047,422.574182975661,"First vs Second","Simple","Random"
"52","4","prop_not_in_work",0.015924744435251,-6.34976507349499,6.38161456236549,325.089965342047,422.574182975661,"First vs Second","Simple","Random"
"53","5","prop_all_other_white",3.5252111436546,2.0073902544566,5.04303203285259,325.089965342047,422.574182975661,"First vs Second","Simple","Random"
"54","6","prop_mixed_multiple",0.530448355707446,-4.43466888171887,5.49556559313377,325.089965342047,422.574182975661,"First vs Second","Simple","Random"
"55","7","prop_asian",1.98089620917463,1.22750517475581,2.73428724359346,325.089965342047,422.574182975661,"First vs Second","Simple","Random"
"56","8","prop_black_afr_car",-0.415369372789591,-2.47950164439025,1.64876289881107,325.089965342047,422.574182975661,"First vs Second","Simple","Random"
"57","9","prop_other",1.22151828597219,-2.72012374717081,5.16316031911519,325.089965342047,422.574182975661,"First vs Second","Simple","Random"
"58","10","IMD_Average_score",0.0189699815675759,-0.0189903066212235,0.0569302697563753,325.089965342047,422.574182975661,"First vs Second","Simple","Random"
"59","11","prop_o65",-4.32176913490329,-8.34479126226169,-0.29874700754489,325.089965342047,422.574182975661,"First vs Second","Simple","Random"
"60","12","prop_u25",8.00781275493605,4.14138018827005,11.874245321602,325.089965342047,422.574182975661,"First vs Second","Simple","Random"
"61","13","Median_annual_income",-9.71068784255295e-06,-2.77515339676532e-05,8.33015828254732e-06,325.089965342047,422.574182975661,"First vs Second","Simple","Random"
"62","14","Other_proportion",0.00185436597450131,-0.0318110150270026,0.0355197469760052,325.089965342047,422.574182975661,"First vs Second","Simple","Random"
"63","15","unringfenced_percapita",0.0252117785912188,0.0154699968674075,0.03495356031503,325.089965342047,422.574182975661,"First vs Second","Simple","Random"
"64","16","ASC_infection_control_fund_percapita",0.00565361112139435,-0.00952060315201763,0.0208278253948063,325.089965342047,422.574182975661,"First vs Second","Simple","Random"
"65","17","contain_outbreak_management_percapita",-0.00162665619735446,-0.020528619086954,0.0172753066922451,325.089965342047,422.574182975661,"First vs Second","Simple","Random"
"66","18","Income_score",4.64546790759245,-3.20725822545868,12.4981940406436,325.089965342047,422.574182975661,"First vs Second","Simple","Random"
"67","19","Employment_score",-4.68249472395675,-14.6996958732393,5.3347064253258,325.089965342047,422.574182975661,"First vs Second","Simple","Random"
"68","20","Education_Skills_and_Training_score",0.00532606837087193,-0.00802505697633091,0.0186771937180748,325.089965342047,422.574182975661,"First vs Second","Simple","Random"
"69","21","Health_Deprivation_and_Disability_score",0.109328483031048,-0.0957585755643513,0.314415541626448,325.089965342047,422.574182975661,"First vs Second","Simple","Random"
"70","22","Crime_score",-0.00607927751349254,-0.158647751803201,0.146489196776216,325.089965342047,422.574182975661,"First vs Second","Simple","Random"
"71","23","Barriers_to_Housing_and_Services_score",0.00374008734504785,-0.00879727488461564,0.0162774495747114,325.089965342047,422.574182975661,"First vs Second","Simple","Random"
"72","24","Living_Environment_score",0.00777465869297395,-0.00051840275635356,0.0160677201423015,325.089965342047,422.574182975661,"First vs Second","Simple","Random"
"73","25","(Intercept)",-15.859078594397,-42.7734450166594,11.0552878278654,1178.90551105805,1276.38972869166,"Second vs Third","Simple","Random"
"74","26","Pop_per_km2",-0.00030460194805596,-0.00046277695776746,-0.00014642693834445,1178.90551105805,1276.38972869166,"Second vs Third","Simple","Random"
"75","27","prop_travelling_to_work",32.3803055151409,5.96046182602038,58.8001492042614,1178.90551105805,1276.38972869166,"Second vs Third","Simple","Random"
"76","28","prop_not_in_work",34.0315418630429,6.13265891663178,61.9304248094539,1178.90551105805,1276.38972869166,"Second vs Third","Simple","Random"
"77","29","prop_all_other_white",7.06344708748502,0.449736076555209,13.6771580984148,1178.90551105805,1276.38972869166,"Second vs Third","Simple","Random"
"78","30","prop_mixed_multiple",-3.74149079587299,-25.2855413767984,17.8025597850524,1178.90551105805,1276.38972869166,"Second vs Third","Simple","Random"
"79","31","prop_asian",22.2873266653798,19.0108410834833,25.5638122472764,1178.90551105805,1276.38972869166,"Second vs Third","Simple","Random"
"80","32","prop_black_afr_car",23.4046324155601,14.401092439929,32.4081723911912,1178.90551105805,1276.38972869166,"Second vs Third","Simple","Random"
"81","33","prop_other",7.53849536042773,-9.65178038213728,24.7287711029928,1178.90551105805,1276.38972869166,"Second vs Third","Simple","Random"
"82","34","IMD_Average_score",-0.0154998865708713,-0.180809176938603,0.14980940379686,1178.90551105805,1276.38972869166,"Second vs Third","Simple","Random"
"83","35","prop_o65",-38.5828189041421,-56.206722814613,-20.9589149936712,1178.90551105805,1276.38972869166,"Second vs Third","Simple","Random"
"84","36","prop_u25",-1.49611404668629,-18.5349384179683,15.5427103245957,1178.90551105805,1276.38972869166,"Second vs Third","Simple","Random"
"85","37","Median_annual_income",-7.55157698970623e-05,-0.00015453917817042,3.50763837630199e-06,1178.90551105805,1276.38972869166,"Second vs Third","Simple","Random"
"86","38","Other_proportion",-0.024221449952812,-0.190538511256757,0.142095611351133,1178.90551105805,1276.38972869166,"Second vs Third","Simple","Random"
"87","39","unringfenced_percapita",0.0394871858925349,-0.00289878021522291,0.0818731520002927,1178.90551105805,1276.38972869166,"Second vs Third","Simple","Random"
"88","40","ASC_infection_control_fund_percapita",0.0361317231173311,-0.0298783952839704,0.102141841518633,1178.90551105805,1276.38972869166,"Second vs Third","Simple","Random"
"89","41","contain_outbreak_management_percapita",0.104429017424399,0.0204977825200205,0.188360252328777,1178.90551105805,1276.38972869166,"Second vs Third","Simple","Random"
"90","42","Income_score",22.3809403524153,-11.7987854752273,56.5606661800578,1178.90551105805,1276.38972869166,"Second vs Third","Simple","Random"
"91","43","Employment_score",3.9831281706137,-39.570564808997,47.5368211502244,1178.90551105805,1276.38972869166,"Second vs Third","Simple","Random"
"92","44","Education_Skills_and_Training_score",0.104104964613012,0.0453081377495959,0.162901791476429,1178.90551105805,1276.38972869166,"Second vs Third","Simple","Random"
"93","45","Health_Deprivation_and_Disability_score",-1.81281886172805,-2.71327296708472,-0.91236475637138,1178.90551105805,1276.38972869166,"Second vs Third","Simple","Random"
"94","46","Crime_score",0.655859255742119,-0.0110971393691438,1.32281565085338,1178.90551105805,1276.38972869166,"Second vs Third","Simple","Random"
"95","47","Barriers_to_Housing_and_Services_score",0.039426085258759,-0.0156132689886055,0.0944654395061236,1178.90551105805,1276.38972869166,"Second vs Third","Simple","Random"
"96","48","Living_Environment_score",0.0415423537251565,0.00474629066409857,0.0783384167862144,1178.90551105805,1276.38972869166,"Second vs Third","Simple","Random"
"97","(Intercept)","(Intercept)",6.55590270318605,5.82051691558648,7.29128849078562,265.416858369774,306.660181214764,"First vs Second","Stability Lasso","Fixed"
"98","Pop_per_km2","Pop_per_km2",0.00011420129138538,8.67848793017155e-05,0.00014161770346905,265.416858369774,306.660181214764,"First vs Second","Stability Lasso","Fixed"
"99","Median_age","Median_age",-0.148882441325524,-0.178305015909548,-0.1194598667415,265.416858369774,306.660181214764,"First vs Second","Stability Lasso","Fixed"
"100","prop_asian","prop_asian",3.57087360565698,2.90940682811458,4.23234038319939,265.416858369774,306.660181214764,"First vs Second","Stability Lasso","Fixed"
"101","Income_score","Income_score",-2.90570396342234,-7.36405416559414,1.55264623874945,265.416858369774,306.660181214764,"First vs Second","Stability Lasso","Fixed"
"102","unringfenced_percapita","unringfenced_percapita",0.0325117700753759,0.0236767950752101,0.0413467450755417,265.416858369774,306.660181214764,"First vs Second","Stability Lasso","Fixed"
"103","prop_black_afr_car","prop_black_afr_car",2.39366970799765,0.819757681063493,3.9675817349318,265.416858369774,306.660181214764,"First vs Second","Stability Lasso","Fixed"
"104","IMD_Average_score","IMD_Average_score",0.0657628669703721,0.0406618515576287,0.0908638823831156,265.416858369774,306.660181214764,"First vs Second","Stability Lasso","Fixed"
"105","prop_o65","prop_o65",7.99858406905341,4.49307680328444,11.5040913348224,265.416858369774,306.660181214764,"First vs Second","Stability Lasso","Fixed"
"106","Crime_score","Crime_score",-0.0885807057027904,-0.233738520423308,0.0565771090177275,265.416858369774,306.660181214764,"First vs Second","Stability Lasso","Fixed"
"107","(Intercept)1","(Intercept)",18.5200625210229,15.3619815068138,21.6781435352319,1180.61671064397,1221.86003348896,"Second vs Third","Stability Lasso","Fixed"
"108","Pop_per_km21","Pop_per_km2",-0.00032548515060997,-0.00044322369266392,-0.00020774660855602,1180.61671064397,1221.86003348896,"Second vs Third","Stability Lasso","Fixed"
"109","Median_age1","Median_age",0.043701270426551,-0.0826526457760716,0.170055186629174,1180.61671064397,1221.86003348896,"Second vs Third","Stability Lasso","Fixed"
"110","prop_asian1","prop_asian",25.4170350745335,22.5763959067499,28.2576742423171,1180.61671064397,1221.86003348896,"Second vs Third","Stability Lasso","Fixed"
"111","Income_score1","Income_score",8.69427750691448,-10.4519058509839,27.8404608648128,1180.61671064397,1221.86003348896,"Second vs Third","Stability Lasso","Fixed"
"112","unringfenced_percapita1","unringfenced_percapita",0.0582556975966756,0.0203142969338874,0.0961970982594639,1180.61671064397,1221.86003348896,"Second vs Third","Stability Lasso","Fixed"
"113","prop_black_afr_car1","prop_black_afr_car",26.1185190245076,19.3594249896327,32.8776130593826,1180.61671064397,1221.86003348896,"Second vs Third","Stability Lasso","Fixed"
"114","IMD_Average_score1","IMD_Average_score",0.164684853779155,0.0568896780373057,0.272480029521005,1180.61671064397,1221.86003348896,"Second vs Third","Stability Lasso","Fixed"
"115","prop_o651","prop_o65",-42.0537317936033,-57.1079742441319,-26.9994893430746,1180.61671064397,1221.86003348896,"Second vs Third","Stability Lasso","Fixed"
"116","Crime_score1","Crime_score",0.669667459127506,0.0462937871541754,1.29304113110084,1180.61671064397,1221.86003348896,"Second vs Third","Stability Lasso","Fixed"
"117","1","(Intercept)",6.59521529869919,5.85281108639218,7.3376195110062,318.704857793726,363.697573624625,"First vs Second","Stability Lasso","Random"
"118","2","Pop_per_km2",0.00011285642607336,8.52037262145381e-05,0.00014050912593219,318.704857793726,363.697573624625,"First vs Second","Stability Lasso","Random"
"119","3","Median_age",-0.149670515216265,-0.179234895544519,-0.120106134888012,318.704857793726,363.697573624625,"First vs Second","Stability Lasso","Random"
"120","4","prop_asian",3.56016008603289,2.89888564111957,4.2214345309462,318.704857793726,363.697573624625,"First vs Second","Stability Lasso","Random"
"121","5","Income_score",-2.81785166567182,-7.30511925782984,1.66941592648621,318.704857793726,363.697573624625,"First vs Second","Stability Lasso","Random"
"122","6","unringfenced_percapita",0.0323854939932341,0.0235660837291704,0.0412049042572978,318.704857793726,363.697573624625,"First vs Second","Stability Lasso","Random"
"123","7","prop_black_afr_car",2.3771618716788,0.786413525405133,3.96791021795247,318.704857793726,363.697573624625,"First vs Second","Stability Lasso","Random"
"124","8","IMD_Average_score",0.0653311032225529,0.0400663262462469,0.0905958801988589,318.704857793726,363.697573624625,"First vs Second","Stability Lasso","Random"
"125","9","prop_o65",7.9969044819481,4.4720171727874,11.5217917911088,318.704857793726,363.697573624625,"First vs Second","Stability Lasso","Random"
"126","10","Crime_score",-0.0945593178321886,-0.241651534147261,0.0525328984828841,318.704857793726,363.697573624625,"First vs Second","Stability Lasso","Random"
"127","11","(Intercept)",18.7520579230779,15.5182669804945,21.9858488656614,1198.90440475388,1243.89712058478,"Second vs Third","Stability Lasso","Random"
"128","12","Pop_per_km2",-0.00032109395152211,-0.00044298740686807,-0.00019920049617615,1198.90440475388,1243.89712058478,"Second vs Third","Stability Lasso","Random"
"129","13","Median_age",0.0316469999055483,-0.0953813789525019,0.158675378763598,1198.90440475388,1243.89712058478,"Second vs Third","Stability Lasso","Random"
"130","14","prop_asian",25.1055969676227,22.2934872116152,27.9177067236302,1198.90440475388,1243.89712058478,"Second vs Third","Stability Lasso","Random"
"131","15","Income_score",13.2964201967126,-6.13465201602692,32.7274924094522,1198.90440475388,1243.89712058478,"Second vs Third","Stability Lasso","Random"
"132","16","unringfenced_percapita",0.0558526314880949,0.0186607521946033,0.0930445107815864,1198.90440475388,1243.89712058478,"Second vs Third","Stability Lasso","Random"
"133","17","prop_black_afr_car",25.6359559668036,18.5947734571534,32.6771384764538,1198.90440475388,1243.89712058478,"Second vs Third","Stability Lasso","Random"
"134","18","IMD_Average_score",0.136234650960821,0.0268088896945932,0.24566041222705,1198.90440475388,1243.89712058478,"Second vs Third","Stability Lasso","Random"
"135","19","prop_o65",-40.41457366091,-55.5407859006708,-25.2883614211493,1198.90440475388,1243.89712058478,"Second vs Third","Stability Lasso","Random"
"136","20","Crime_score",0.713082077388696,0.0768976647345088,1.34926649004288,1198.90440475388,1243.89712058478,"Second vs Third","Stability Lasso","Random"
"137","(Intercept)","(Intercept)",5.1089664811835,1.36948514339144,8.84844781897556,123.3389431549,224.572553774423,"First vs Second","Stepwise","Fixed"
"138","Pop_per_km2","Pop_per_km2",4.20605522855269e-05,6.86622105344603e-06,7.72548835176077e-05,123.3389431549,224.572553774423,"First vs Second","Stepwise","Fixed"
"139","Median_age","Median_age",-0.0829167480244948,-0.131465428880584,-0.0343680671684053,123.3389431549,224.572553774423,"First vs Second","Stepwise","Fixed"
"140","prop_travelling_to_work","prop_travelling_to_work",-1.97536330067549,-4.28810697570414,0.337380374353159,123.3389431549,224.572553774423,"First vs Second","Stepwise","Fixed"
"141","prop_all_other_white","prop_all_other_white",2.33778190363297,1.13380345499505,3.54176035227088,123.3389431549,224.572553774423,"First vs Second","Stepwise","Fixed"
"142","prop_asian","prop_asian",2.0591460505212,1.42001684710187,2.69827525394053,123.3389431549,224.572553774423,"First vs Second","Stepwise","Fixed"
"143","prop_u25","prop_u25",6.75530064363529,2.42731599705031,11.0832852902203,123.3389431549,224.572553774423,"First vs Second","Stepwise","Fixed"
"144","no_jobs","no_jobs",-0.00454283703745028,-0.00890621431331023,-0.00017945976159032,123.3389431549,224.572553774423,"First vs Second","Stepwise","Fixed"
"145","residential_percent_change_from_baseline","residential_percent_change_from_baseline",-0.181315983691719,-0.228085514653788,-0.134546452729651,123.3389431549,224.572553774423,"First vs Second","Stepwise","Fixed"
"146","Specialised_services","Specialised_services",-5.2395375530698e-07,-8.86700031450352e-07,-1.61207479163609e-07,123.3389431549,224.572553774423,"First vs Second","Stepwise","Fixed"
"147","unringfenced_percapita","unringfenced_percapita",0.184620435256767,0.137505709028392,0.231735161485142,123.3389431549,224.572553774423,"First vs Second","Stepwise","Fixed"
"148","ASC_rapid_testing","ASC_rapid_testing",-61.1926339689778,-84.51152073412,-37.8737472038357,123.3389431549,224.572553774423,"First vs Second","Stepwise","Fixed"
"149","DWP_winter_grant_percapita","DWP_winter_grant_percapita",-0.58902397551513,-0.750137081923161,-0.4279108691071,123.3389431549,224.572553774423,"First vs Second","Stepwise","Fixed"
"150","sales_compensation","sales_compensation",-0.0448599385059932,-0.0708431130951291,-0.0188767639168572,123.3389431549,224.572553774423,"First vs Second","Stepwise","Fixed"
"151","fire_contingency","fire_contingency",-9.3001306533941,-16.6225173515626,-1.97774395522558,123.3389431549,224.572553774423,"First vs Second","Stepwise","Fixed"
"152","protect_and_vaccinate","protect_and_vaccinate",0.635548908477153,0.238537179378642,1.03256063757566,123.3389431549,224.572553774423,"First vs Second","Stepwise","Fixed"
"153","Income_score","Income_score",4.60278664535276,1.22556313253471,7.9800101581708,123.3389431549,224.572553774423,"First vs Second","Stepwise","Fixed"
"154","Education_Skills_and_Training_score","Education_Skills_and_Training_score",-0.0244169739143847,-0.0350062144184185,-0.0138277334103509,123.3389431549,224.572553774423,"First vs Second","Stepwise","Fixed"
"155","Living_Environment_score","Living_Environment_score",0.00946006457531919,0.00456336682807712,0.0143567623225613,123.3389431549,224.572553774423,"First vs Second","Stepwise","Fixed"
"156","Population","Population",6.86304238304484e-07,-1.5159273523838e-06,2.88853582899277e-06,123.3389431549,224.572553774423,"First vs Second","Stepwise","Fixed"
"157","prop_black_afr_car","prop_black_afr_car",0.155040766964846,-1.25216468581509,1.56224621974478,123.3389431549,224.572553774423,"First vs Second","Stepwise","Fixed"
"158","prop_o65","prop_o65",1.64899780883898,-2.60673850017802,5.90473411785598,123.3389431549,224.572553774423,"First vs Second","Stepwise","Fixed"
"159","contain_outbreak_management_percapita","contain_outbreak_management_percapita",0.010427718103736,-0.0086786103979334,0.0295340466054055,123.3389431549,224.572553774423,"First vs Second","Stepwise","Fixed"
"160","ASC_workforce_capacity","ASC_workforce_capacity",0.0604360189323321,-0.121807547812977,0.242679585677641,123.3389431549,224.572553774423,"First vs Second","Stepwise","Fixed"
"161","Health_Deprivation_and_Disability_score","Health_Deprivation_and_Disability_score",-0.00235885100239397,-0.152134831332266,0.147417129327478,123.3389431549,224.572553774423,"First vs Second","Stepwise","Fixed"
"162","Crime_score","Crime_score",0.0140373592827263,-0.112435978430139,0.140510696995591,123.3389431549,224.572553774423,"First vs Second","Stepwise","Fixed"
"163","(Intercept)1","(Intercept)",-6.06675423319596,-24.3567515468126,12.2232430804207,1120.23078624202,1221.46439686154,"Second vs Third","Stepwise","Fixed"
"164","Pop_per_km21","Pop_per_km2",-0.0001887159303046,-0.00036085323105373,-1.65786295554636e-05,1120.23078624202,1221.46439686154,"Second vs Third","Stepwise","Fixed"
"165","Median_age1","Median_age",0.20951209911788,-0.0279420187737193,0.446966217009479,1120.23078624202,1221.46439686154,"Second vs Third","Stepwise","Fixed"
"166","prop_travelling_to_work1","prop_travelling_to_work",10.8682880301211,-0.443461322887734,22.1800373831299,1120.23078624202,1221.46439686154,"Second vs Third","Stepwise","Fixed"
"167","prop_all_other_white1","prop_all_other_white",5.42458857430229,-0.464132508135785,11.3133096567404,1120.23078624202,1221.46439686154,"Second vs Third","Stepwise","Fixed"
"168","prop_asian1","prop_asian",20.339101803345,17.2130876966679,23.465115910022,1120.23078624202,1221.46439686154,"Second vs Third","Stepwise","Fixed"
"169","prop_u251","prop_u25",29.5840929675768,8.41569542553913,50.7524905096146,1120.23078624202,1221.46439686154,"Second vs Third","Stepwise","Fixed"
"170","no_jobs1","no_jobs",-0.0412836988400964,-0.0626252035689034,-0.0199421941112895,1120.23078624202,1221.46439686154,"Second vs Third","Stepwise","Fixed"
"171","residential_percent_change_from_baseline1","residential_percent_change_from_baseline",-0.510857556921981,-0.739609760338621,-0.28210535350534,1120.23078624202,1221.46439686154,"Second vs Third","Stepwise","Fixed"
"172","Specialised_services1","Specialised_services",-5.48600706819371e-07,-2.32281157107363e-06,1.22561015743488e-06,1120.23078624202,1221.46439686154,"Second vs Third","Stepwise","Fixed"
"173","unringfenced_percapita1","unringfenced_percapita",0.133622686315815,-0.0968178850650162,0.364063257696646,1120.23078624202,1221.46439686154,"Second vs Third","Stepwise","Fixed"
"174","ASC_rapid_testing1","ASC_rapid_testing",-26.3257794995177,-140.379664989104,87.7281059900687,1120.23078624202,1221.46439686154,"Second vs Third","Stepwise","Fixed"
"175","DWP_winter_grant_percapita1","DWP_winter_grant_percapita",-0.387150528524487,-1.1751630942273,0.400862037178327,1120.23078624202,1221.46439686154,"Second vs Third","Stepwise","Fixed"
"176","sales_compensation1","sales_compensation",-0.0529096121487063,-0.179994667670102,0.0741754433726899,1120.23078624202,1221.46439686154,"Second vs Third","Stepwise","Fixed"
"177","fire_contingency1","fire_contingency",-18.6926648593021,-54.5068382542254,17.1215085356212,1120.23078624202,1221.46439686154,"Second vs Third","Stepwise","Fixed"
"178","protect_and_vaccinate1","protect_and_vaccinate",-1.41803671466652,-3.35984168780578,0.523768258472738,1120.23078624202,1221.46439686154,"Second vs Third","Stepwise","Fixed"
"179","Income_score1","Income_score",20.7958287724952,4.27765328311136,37.314004261879,1120.23078624202,1221.46439686154,"Second vs Third","Stepwise","Fixed"
"180","Education_Skills_and_Training_score1","Education_Skills_and_Training_score",0.0468481022849253,-0.0049444226341519,0.0986406272040025,1120.23078624202,1221.46439686154,"Second vs Third","Stepwise","Fixed"
"181","Living_Environment_score1","Living_Environment_score",0.0338370292397681,0.00988702640447381,0.0577870320750625,1120.23078624202,1221.46439686154,"Second vs Third","Stepwise","Fixed"
"182","Population1","Population",1.77759279584902e-05,7.00469894590402e-06,2.85471569710764e-05,1120.23078624202,1221.46439686154,"Second vs Third","Stepwise","Fixed"
"183","prop_black_afr_car1","prop_black_afr_car",24.2399877244325,17.3572728166351,31.1227026322299,1120.23078624202,1221.46439686154,"Second vs Third","Stepwise","Fixed"
"184","prop_o651","prop_o65",-42.09557688019,-62.9106040532739,-21.2805497071061,1120.23078624202,1221.46439686154,"Second vs Third","Stepwise","Fixed"
"185","contain_outbreak_management_percapita1","contain_outbreak_management_percapita",0.187192713322847,0.093742668944515,0.280642757701178,1120.23078624202,1221.46439686154,"Second vs Third","Stepwise","Fixed"
"186","ASC_workforce_capacity1","ASC_workforce_capacity",-0.762731813103421,-1.65409455705114,0.128630930844296,1120.23078624202,1221.46439686154,"Second vs Third","Stepwise","Fixed"
"187","Health_Deprivation_and_Disability_score1","Health_Deprivation_and_Disability_score",-0.929187348959174,-1.66174944258233,-0.196625255336023,1120.23078624202,1221.46439686154,"Second vs Third","Stepwise","Fixed"
"188","Crime_score1","Crime_score",0.893375975379238,0.274788316274022,1.51196363448445,1120.23078624202,1221.46439686154,"Second vs Third","Stepwise","Fixed"
"189","1","(Intercept)",11.9527890456664,10.252441725827,13.6531363655057,243.410519121175,318.39837883934,"First vs Second","Stepwise","Random"
"190","2","Pop_per_km2",5.91511571376438e-05,2.62117222538402e-05,9.20905920214474e-05,243.410519121175,318.39837883934,"First vs Second","Stepwise","Random"
"191","3","Median_age",-0.120582180487441,-0.152831955848754,-0.0883324051261278,243.410519121175,318.39837883934,"First vs Second","Stepwise","Random"
"192","4","prop_travelling_to_work",-5.93812149902729,-7.87419946200312,-4.00204353605145,243.410519121175,318.39837883934,"First vs Second","Stepwise","Random"
"193","5","prop_all_other_white",2.24189513106541,0.985105096296234,3.49868516583459,243.410519121175,318.39837883934,"First vs Second","Stepwise","Random"
"194","6","prop_asian",2.46098098697906,1.86352409392414,3.05843788003397,243.410519121175,318.39837883934,"First vs Second","Stepwise","Random"
"195","7","residential_percent_change_from_baseline",-0.192684267074825,-0.240765046326033,-0.144603487823616,243.410519121175,318.39837883934,"First vs Second","Stepwise","Random"
"196","8","unringfenced_percapita",0.182928874182777,0.132969686631874,0.23288806173368,243.410519121175,318.39837883934,"First vs Second","Stepwise","Random"
"197","9","ASC_rapid_testing",-73.7872125921932,-97.4701664749844,-50.104258709402,243.410519121175,318.39837883934,"First vs Second","Stepwise","Random"
"198","10","DWP_winter_grant_percapita",-0.538250866612026,-0.706056158465767,-0.370445574758286,243.410519121175,318.39837883934,"First vs Second","Stepwise","Random"
"199","11","sales_compensation",-0.0244214437029305,-0.050167143998046,0.00132425659218508,243.410519121175,318.39837883934,"First vs Second","Stepwise","Random"
"200","12","prop_black_afr_car",0.636241392360909,-0.848585670997679,2.1210684557195,243.410519121175,318.39837883934,"First vs Second","Stepwise","Random"
"201","13","prop_o65",-0.216174154857426,-4.47545909215125,4.0431107824364,243.410519121175,318.39837883934,"First vs Second","Stepwise","Random"
"202","14","no_jobs",-0.00139841199613287,-0.00267385958522937,-0.00012296440703636,243.410519121175,318.39837883934,"First vs Second","Stepwise","Random"
"203","15","contain_outbreak_management_percapita",0.0100323179571051,-0.0102227037905864,0.0302873397047966,243.410519121175,318.39837883934,"First vs Second","Stepwise","Random"
"204","16","Education_Skills_and_Training_score",-0.0159344641258492,-0.02652616664095,-0.0053427616107483,243.410519121175,318.39837883934,"First vs Second","Stepwise","Random"
"205","17","Health_Deprivation_and_Disability_score",-0.00375526135117147,-0.147765124873331,0.140254602170988,243.410519121175,318.39837883934,"First vs Second","Stepwise","Random"
"206","18","Crime_score",0.0880300960229047,-0.0351061967589788,0.211166388804788,243.410519121175,318.39837883934,"First vs Second","Stepwise","Random"
"207","19","(Intercept)",25.617709261477,17.4897057007943,33.7457128221597,1168.71358351176,1243.70144322992,"Second vs Third","Stepwise","Random"
"208","20","Pop_per_km2",-0.00021110786544202,-0.00036969550599743,-5.25202248866199e-05,1168.71358351176,1243.70144322992,"Second vs Third","Stepwise","Random"
"209","21","Median_age",0.106992002970655,-0.0474185930056814,0.261402598946992,1168.71358351176,1243.70144322992,"Second vs Third","Stepwise","Random"
"210","22","prop_travelling_to_work",-9.79741098851117,-19.0550935303059,-0.539728446716436,1168.71358351176,1243.70144322992,"Second vs Third","Stepwise","Random"
"211","23","prop_all_other_white",4.42144460528573,-1.59381291566839,10.4367021262398,1168.71358351176,1243.70144322992,"Second vs Third","Stepwise","Random"
"212","24","prop_asian",23.4158069766022,20.5682596682499,26.2633542849544,1168.71358351176,1243.70144322992,"Second vs Third","Stepwise","Random"
"213","25","residential_percent_change_from_baseline",-0.563555931516629,-0.792917050720225,-0.334194812313032,1168.71358351176,1243.70144322992,"Second vs Third","Stepwise","Random"
"214","26","unringfenced_percapita",0.127961739892859,-0.111515094703405,0.367438574489122,1168.71358351176,1243.70144322992,"Second vs Third","Stepwise","Random"
"215","27","ASC_rapid_testing",-40.5348133508268,-154.086142017436,73.0165153157822,1168.71358351176,1243.70144322992,"Second vs Third","Stepwise","Random"
"216","28","DWP_winter_grant_percapita",-0.384544155536796,-1.18620812998987,0.417119818916276,1168.71358351176,1243.70144322992,"Second vs Third","Stepwise","Random"
"217","29","sales_compensation",0.0220957117731822,-0.100528233431428,0.144719656977793,1168.71358351176,1243.70144322992,"Second vs Third","Stepwise","Random"
"218","30","prop_black_afr_car",26.6678468141328,19.5260585289036,33.809635099362,1168.71358351176,1243.70144322992,"Second vs Third","Stepwise","Random"
"219","31","prop_o65",-58.0434076416126,-78.4257524516268,-37.6610628315985,1168.71358351176,1243.70144322992,"Second vs Third","Stepwise","Random"
"220","32","no_jobs",-0.00728958044710016,-0.0133743518239381,-0.00120480907026218,1168.71358351176,1243.70144322992,"Second vs Third","Stepwise","Random"
"221","33","contain_outbreak_management_percapita",0.177123359876453,0.0788720951689855,0.27537462458392,1168.71358351176,1243.70144322992,"Second vs Third","Stepwise","Random"
"222","34","Education_Skills_and_Training_score",0.0987730513994933,0.0476985765882518,0.149847526210735,1168.71358351176,1243.70144322992,"Second vs Third","Stepwise","Random"
"223","35","Health_Deprivation_and_Disability_score",-1.23313876548386,-1.92692272743169,-0.539354803536017,1168.71358351176,1243.70144322992,"Second vs Third","Stepwise","Random"
"224","36","Crime_score",1.17826911546734,0.588910287909378,1.76762794302531,1168.71358351176,1243.70144322992,"Second vs Third","Stepwise","Random"
