"","...1","Variable","Beta","CI_Lower","CI_Upper","AIC","BIC","dose","model","effects"
"1","(Intercept)","(Intercept)",4.12090432678914,4.08399263675336,4.15781601682492,224.297525659113,318.032350306819,"First vs Second","Simple","Fixed"
"2","Pop_per_km2","Pop_per_km2",0.219139426321447,0.123247823848337,0.315031028794557,224.297525659113,318.032350306819,"First vs Second","Simple","Fixed"
"3","prop_travelling_to_work","prop_travelling_to_work",-0.177056587027567,-0.393326215096128,0.0392130410409948,224.297525659113,318.032350306819,"First vs Second","Simple","Fixed"
"4","prop_not_in_work","prop_not_in_work",-0.0360869284217275,-0.301833757236,0.229659900392545,224.297525659113,318.032350306819,"First vs Second","Simple","Fixed"
"5","prop_all_other_white","prop_all_other_white",0.153093548281744,0.0804778056707418,0.225709290892746,224.297525659113,318.032350306819,"First vs Second","Simple","Fixed"
"6","prop_mixed_multiple","prop_mixed_multiple",0.00319856798201727,-0.0600654464265638,0.0664625823905983,224.297525659113,318.032350306819,"First vs Second","Simple","Fixed"
"7","prop_asian","prop_asian",0.160809907858882,0.0999829794706471,0.221636836247116,224.297525659113,318.032350306819,"First vs Second","Simple","Fixed"
"8","prop_black_afr_car","prop_black_afr_car",-0.026305999693527,-0.115013783062569,0.0624017836755152,224.297525659113,318.032350306819,"First vs Second","Simple","Fixed"
"9","prop_other","prop_other",0.0304425559409258,-0.0540560115035962,0.114941123385448,224.297525659113,318.032350306819,"First vs Second","Simple","Fixed"
"10","IMD_Average_score","IMD_Average_score",0.179472801377257,-0.122213856847148,0.481159459601662,224.297525659113,318.032350306819,"First vs Second","Simple","Fixed"
"11","prop_o65","prop_o65",-0.181290571857544,-0.369140841936226,0.00655969822113781,224.297525659113,318.032350306819,"First vs Second","Simple","Fixed"
"12","prop_u25","prop_u25",0.310543459153089,0.17619531059836,0.444891607707819,224.297525659113,318.032350306819,"First vs Second","Simple","Fixed"
"13","Median_annual_income","Median_annual_income",-0.0360243316293321,-0.103858609642428,0.0318099463837642,224.297525659113,318.032350306819,"First vs Second","Simple","Fixed"
"14","Other_proportion","Other_proportion",0.0262515726008183,-0.0320270189068564,0.084530164108493,224.297525659113,318.032350306819,"First vs Second","Simple","Fixed"
"15","unringfenced_percapita","unringfenced_percapita",0.170454537733408,0.106196842049853,0.234712233416962,224.297525659113,318.032350306819,"First vs Second","Simple","Fixed"
"16","ASC_infection_control_fund_percapita","ASC_infection_control_fund_percapita",0.0236388593925303,-0.0351938660981777,0.0824715848832382,224.297525659113,318.032350306819,"First vs Second","Simple","Fixed"
"17","contain_outbreak_management_percapita","contain_outbreak_management_percapita",0.00113877089455417,-0.0770529445948227,0.0793304863839311,224.297525659113,318.032350306819,"First vs Second","Simple","Fixed"
"18","Income_score","Income_score",0.223979781405321,-0.130744869323082,0.578704432133724,224.297525659113,318.032350306819,"First vs Second","Simple","Fixed"
"19","Employment_score","Employment_score",-0.165257576340491,-0.512064584354738,0.181549431673755,224.297525659113,318.032350306819,"First vs Second","Simple","Fixed"
"20","Education_Skills_and_Training_score","Education_Skills_and_Training_score",0.00719553686505695,-0.106425331177042,0.120816404907156,224.297525659113,318.032350306819,"First vs Second","Simple","Fixed"
"21","Health_Deprivation_and_Disability_score","Health_Deprivation_and_Disability_score",0.0937483600133239,-0.0347396265718068,0.222236346598455,224.297525659113,318.032350306819,"First vs Second","Simple","Fixed"
"22","Crime_score","Crime_score",0.00649478946572828,-0.0700472992448966,0.0830368781763532,224.297525659113,318.032350306819,"First vs Second","Simple","Fixed"
"23","Barriers_to_Housing_and_Services_score","Barriers_to_Housing_and_Services_score",0.0208161634710819,-0.0553014019810261,0.0969337289231899,224.297525659113,318.032350306819,"First vs Second","Simple","Fixed"
"24","Living_Environment_score","Living_Environment_score",0.0737664235329091,0.00486275010155328,0.142670096964265,224.297525659113,318.032350306819,"First vs Second","Simple","Fixed"
"25","(Intercept)1","(Intercept)",19.2944188609684,19.1315321372111,19.4573055847258,1156.58029886913,1250.31512351683,"Second vs Third","Simple","Fixed"
"26","Pop_per_km21","Pop_per_km2",-0.933009820994924,-1.35616760508845,-0.5098520369014,1156.58029886913,1250.31512351683,"Second vs Third","Simple","Fixed"
"27","prop_travelling_to_work1","prop_travelling_to_work",1.29244630088984,0.338075175369379,2.2468174264103,1156.58029886913,1250.31512351683,"Second vs Third","Simple","Fixed"
"28","prop_not_in_work1","prop_not_in_work",1.31109792789961,0.13839003366599,2.48380582213323,1156.58029886913,1250.31512351683,"Second vs Third","Simple","Fixed"
"29","prop_all_other_white1","prop_all_other_white",0.323054970885582,0.00261067815208604,0.643499263619077,1156.58029886913,1250.31512351683,"Second vs Third","Simple","Fixed"
"30","prop_mixed_multiple1","prop_mixed_multiple",-0.0603808087338282,-0.339557081312054,0.218795463844398,1156.58029886913,1250.31512351683,"Second vs Third","Simple","Fixed"
"31","prop_asian1","prop_asian",1.85514282046803,1.58672110713606,2.12356453380001,1156.58029886913,1250.31512351683,"Second vs Third","Simple","Fixed"
"32","prop_black_afr_car1","prop_black_afr_car",1.03287059099267,0.641414112279442,1.42432706970589,1156.58029886913,1250.31512351683,"Second vs Third","Simple","Fixed"
"33","prop_other1","prop_other",0.176536174059025,-0.196345555276218,0.549417903394269,1156.58029886913,1250.31512351683,"Second vs Third","Simple","Fixed"
"34","IMD_Average_score1","IMD_Average_score",-0.0286236073788979,-1.35992952460578,1.30268230984798,1156.58029886913,1250.31512351683,"Second vs Third","Simple","Fixed"
"35","prop_o651","prop_o65",-1.53779267604814,-2.36675268899772,-0.708832663098568,1156.58029886913,1250.31512351683,"Second vs Third","Simple","Fixed"
"36","prop_u251","prop_u25",0.199618271071798,-0.393243495477871,0.792480037621467,1156.58029886913,1250.31512351683,"Second vs Third","Simple","Fixed"
"37","Median_annual_income1","Median_annual_income",-0.252052049961467,-0.5513963306836,0.0472922307606657,1156.58029886913,1250.31512351683,"Second vs Third","Simple","Fixed"
"38","Other_proportion1","Other_proportion",0.0445575256325086,-0.212618692163984,0.301733743429001,1156.58029886913,1250.31512351683,"Second vs Third","Simple","Fixed"
"39","unringfenced_percapita1","unringfenced_percapita",0.294587062478426,0.0110257973088941,0.578148327647958,1156.58029886913,1250.31512351683,"Second vs Third","Simple","Fixed"
"40","ASC_infection_control_fund_percapita1","ASC_infection_control_fund_percapita",0.0951325861440197,-0.164488956397327,0.354754128685367,1156.58029886913,1250.31512351683,"Second vs Third","Simple","Fixed"
"41","contain_outbreak_management_percapita1","contain_outbreak_management_percapita",0.691601337642091,0.346550966101639,1.03665170918254,1156.58029886913,1250.31512351683,"Second vs Third","Simple","Fixed"
"42","Income_score1","Income_score",0.562610275642618,-1.00274574401168,2.12796629529692,1156.58029886913,1250.31512351683,"Second vs Third","Simple","Fixed"
"43","Employment_score1","Employment_score",0.528456427626596,-1.00196001379815,2.05887286905134,1156.58029886913,1250.31512351683,"Second vs Third","Simple","Fixed"
"44","Education_Skills_and_Training_score1","Education_Skills_and_Training_score",0.807050687955748,0.305655847245274,1.30844552866622,1156.58029886913,1250.31512351683,"Second vs Third","Simple","Fixed"
"45","Health_Deprivation_and_Disability_score1","Health_Deprivation_and_Disability_score",-0.964533652705974,-1.53153524913095,-0.397532056281002,1156.58029886913,1250.31512351683,"Second vs Third","Simple","Fixed"
"46","Crime_score1","Crime_score",0.281616637379495,-0.0561541351734037,0.619387409932395,1156.58029886913,1250.31512351683,"Second vs Third","Simple","Fixed"
"47","Barriers_to_Housing_and_Services_score1","Barriers_to_Housing_and_Services_score",0.215026129029014,-0.120871274879112,0.55092353293714,1156.58029886913,1250.31512351683,"Second vs Third","Simple","Fixed"
"48","Living_Environment_score1","Living_Environment_score",0.493370512870797,0.189307122405584,0.79743390333601,1156.58029886913,1250.31512351683,"Second vs Third","Simple","Fixed"
"49","1","(Intercept)",4.13304743523348,4.01946607048183,4.24662879998514,339.010310141934,436.494527775549,"First vs Second","Simple","Random"
"50","2","Pop_per_km2",0.23439383981575,0.137492060374453,0.331295619257048,339.010310141934,436.494527775549,"First vs Second","Simple","Random"
"51","3","prop_travelling_to_work",-0.167519867597952,-0.385178222428343,0.0501384872324397,339.010310141934,436.494527775549,"First vs Second","Simple","Random"
"52","4","prop_not_in_work",0.00067812734794987,-0.270393598655298,0.271749853351197,339.010310141934,436.494527775549,"First vs Second","Simple","Random"
"53","5","prop_all_other_white",0.170103828170001,0.0968636354043241,0.243344020935678,339.010310141934,436.494527775549,"First vs Second","Simple","Random"
"54","6","prop_mixed_multiple",0.00671292198867281,-0.0561215543335264,0.069547398310872,339.010310141934,436.494527775549,"First vs Second","Simple","Random"
"55","7","prop_asian",0.159609370016637,0.0989053978335448,0.220313342199729,339.010310141934,436.494527775549,"First vs Second","Simple","Random"
"56","8","prop_black_afr_car",-0.0179425458162925,-0.107106047770058,0.0712209561374732,339.010310141934,436.494527775549,"First vs Second","Simple","Random"
"57","9","prop_other",0.0263765663555494,-0.0587363491334466,0.111489481844545,339.010310141934,436.494527775549,"First vs Second","Simple","Random"
"58","10","IMD_Average_score",0.150655742581472,-0.150817160136288,0.452128645299233,339.010310141934,436.494527775549,"First vs Second","Simple","Random"
"59","11","prop_o65",-0.206691208828122,-0.399094662130752,-0.0142877555254908,339.010310141934,436.494527775549,"First vs Second","Simple","Random"
"60","12","prop_u25",0.290512476330639,0.150243599755689,0.43078135290559,339.010310141934,436.494527775549,"First vs Second","Simple","Random"
"61","13","Median_annual_income",-0.037126110060161,-0.106100259962736,0.0318480398424144,339.010310141934,436.494527775549,"First vs Second","Simple","Random"
"62","14","Other_proportion",0.00660572658495893,-0.113318984237965,0.126530437407882,339.010310141934,436.494527775549,"First vs Second","Simple","Random"
"63","15","unringfenced_percapita",0.165944787776222,0.101824047743989,0.230065527808456,339.010310141934,436.494527775549,"First vs Second","Simple","Random"
"64","16","ASC_infection_control_fund_percapita",0.0220054048911339,-0.0370567983348363,0.0810676081171042,339.010310141934,436.494527775549,"First vs Second","Simple","Random"
"65","17","contain_outbreak_management_percapita",-0.00711923055884945,-0.0898456429716804,0.0756071818539815,339.010310141934,436.494527775549,"First vs Second","Simple","Random"
"66","18","Income_score",0.210253227563104,-0.145160058581082,0.565666513707289,339.010310141934,436.494527775549,"First vs Second","Simple","Random"
"67","19","Employment_score",-0.161594150667272,-0.507290453035519,0.184102151700974,339.010310141934,436.494527775549,"First vs Second","Simple","Random"
"68","20","Education_Skills_and_Training_score",0.0466159520833843,-0.0702386159006747,0.163470520067443,339.010310141934,436.494527775549,"First vs Second","Simple","Random"
"69","21","Health_Deprivation_and_Disability_score",0.0696293017286868,-0.0609868771207972,0.200245480578171,339.010310141934,436.494527775549,"First vs Second","Simple","Random"
"70","22","Crime_score",-0.00310998204694951,-0.0811595881447426,0.0749396240508435,339.010310141934,436.494527775549,"First vs Second","Simple","Random"
"71","23","Barriers_to_Housing_and_Services_score",0.0231512571454692,-0.0544554054971349,0.100757919788073,339.010310141934,436.494527775549,"First vs Second","Simple","Random"
"72","24","Living_Environment_score",0.0674655225886283,-0.00449850144056861,0.139429546617825,339.010310141934,436.494527775549,"First vs Second","Simple","Random"
"73","25","(Intercept)",19.2687708827027,18.7423391031432,19.7952026622621,1192.82585585794,1290.31007349155,"Second vs Third","Simple","Random"
"74","26","Pop_per_km2",-0.817743947356238,-1.24238554153957,-0.393102353172907,1192.82585585794,1290.31007349155,"Second vs Third","Simple","Random"
"75","27","prop_travelling_to_work",1.16331717303629,0.214139659731794,2.11249468634079,1192.82585585794,1290.31007349155,"Second vs Third","Simple","Random"
"76","28","prop_not_in_work",1.44917346709524,0.261148513616379,2.63719842057411,1192.82585585794,1290.31007349155,"Second vs Third","Simple","Random"
"77","29","prop_all_other_white",0.340836148688241,0.0217013464317453,0.659970950944737,1192.82585585794,1290.31007349155,"Second vs Third","Simple","Random"
"78","30","prop_mixed_multiple",-0.0473492575509834,-0.319993199559084,0.225294684457117,1192.82585585794,1290.31007349155,"Second vs Third","Simple","Random"
"79","31","prop_asian",1.79578624664183,1.53178564067717,2.0597868526065,1192.82585585794,1290.31007349155,"Second vs Third","Simple","Random"
"80","32","prop_black_afr_car",1.01100061113173,0.622078270631218,1.39992295163223,1192.82585585794,1290.31007349155,"Second vs Third","Simple","Random"
"81","33","prop_other",0.162780717564501,-0.208413438119883,0.533974873248884,1192.82585585794,1290.31007349155,"Second vs Third","Simple","Random"
"82","34","IMD_Average_score",-0.123096952593364,-1.43594977830731,1.18975587312058,1192.82585585794,1290.31007349155,"Second vs Third","Simple","Random"
"83","35","prop_o65",-1.84524652508384,-2.68812033202434,-1.00237271814334,1192.82585585794,1290.31007349155,"Second vs Third","Simple","Random"
"84","36","prop_u25",-0.0542769679816429,-0.67242217378881,0.563868237825524,1192.82585585794,1290.31007349155,"Second vs Third","Simple","Random"
"85","37","Median_annual_income",-0.288713511373174,-0.590837501032222,0.0134104782858739,1192.82585585794,1290.31007349155,"Second vs Third","Simple","Random"
"86","38","Other_proportion",-0.0862830094233323,-0.678746985638113,0.506180966791448,1192.82585585794,1290.31007349155,"Second vs Third","Simple","Random"
"87","39","unringfenced_percapita",0.259906006213919,-0.0190798703798135,0.538891882807651,1192.82585585794,1290.31007349155,"Second vs Third","Simple","Random"
"88","40","ASC_infection_control_fund_percapita",0.140634574887688,-0.116294908100121,0.397564057875497,1192.82585585794,1290.31007349155,"Second vs Third","Simple","Random"
"89","41","contain_outbreak_management_percapita",0.457044488666081,0.0897106834676495,0.824378293864513,1192.82585585794,1290.31007349155,"Second vs Third","Simple","Random"
"90","42","Income_score",1.01295822908313,-0.534011379907011,2.55992783807326,1192.82585585794,1290.31007349155,"Second vs Third","Simple","Random"
"91","43","Employment_score",0.137458823106229,-1.36559082048682,1.64050846669928,1192.82585585794,1290.31007349155,"Second vs Third","Simple","Random"
"92","44","Education_Skills_and_Training_score",0.911169684346107,0.396555550684692,1.42578381800752,1192.82585585794,1290.31007349155,"Second vs Third","Simple","Random"
"93","45","Health_Deprivation_and_Disability_score",-1.15455101981845,-1.72803369236692,-0.581068347269974,1192.82585585794,1290.31007349155,"Second vs Third","Simple","Random"
"94","46","Crime_score",0.335518571625299,-0.00567697462905914,0.676714117879658,1192.82585585794,1290.31007349155,"Second vs Third","Simple","Random"
"95","47","Barriers_to_Housing_and_Services_score",0.244048695479867,-0.0966466212793554,0.584744012239089,1192.82585585794,1290.31007349155,"Second vs Third","Simple","Random"
"96","48","Living_Environment_score",0.360488699808639,0.0411864998717284,0.67979089974555,1192.82585585794,1290.31007349155,"Second vs Third","Simple","Random"
"97","(Intercept)","(Intercept)",4.12090432678914,4.08422446908644,4.15758418449184,212.016669835611,272.006957610143,"First vs Second","Stability Lasso","Fixed"
"98","Pop_per_km2","Pop_per_km2",0.207233254247833,0.11752159172773,0.296944916767936,212.016669835611,272.006957610143,"First vs Second","Stability Lasso","Fixed"
"99","Median_age","Median_age",-0.264541221725045,-0.534721558898761,0.00563911544867118,212.016669835611,272.006957610143,"First vs Second","Stability Lasso","Fixed"
"100","prop_not_in_work","prop_not_in_work",0.102939206026586,-0.00613504282456484,0.212013454877736,212.016669835611,272.006957610143,"First vs Second","Stability Lasso","Fixed"
"101","prop_all_other_white","prop_all_other_white",0.165629181345617,0.0996779372416505,0.231580425449584,212.016669835611,272.006957610143,"First vs Second","Stability Lasso","Fixed"
"102","prop_asian","prop_asian",0.189260448990054,0.132301272047443,0.246219625932665,212.016669835611,272.006957610143,"First vs Second","Stability Lasso","Fixed"
"103","prop_other","prop_other",0.0380123083856688,-0.0414576517817177,0.117482268553055,212.016669835611,272.006957610143,"First vs Second","Stability Lasso","Fixed"
"104","IMD_Average_score","IMD_Average_score",0.228356165995307,0.00780892547167994,0.448903406518933,212.016669835611,272.006957610143,"First vs Second","Stability Lasso","Fixed"
"105","prop_u25","prop_u25",0.243051458708733,0.0741665809819468,0.41193633643552,212.016669835611,272.006957610143,"First vs Second","Stability Lasso","Fixed"
"106","Income_score","Income_score",0.131337011809913,-0.092227450956452,0.354901474576277,212.016669835611,272.006957610143,"First vs Second","Stability Lasso","Fixed"
"107","Living_Environment_score","Living_Environment_score",0.100360882455985,0.0455538877203023,0.155167877191667,212.016669835611,272.006957610143,"First vs Second","Stability Lasso","Fixed"
"108","unringfenced_percapita","unringfenced_percapita",0.163436227962485,0.101828346515176,0.225044109409794,212.016669835611,272.006957610143,"First vs Second","Stability Lasso","Fixed"
"109","prop_black_afr_car","prop_black_afr_car",0.0160230899995875,-0.0503358202318645,0.0823820002310396,212.016669835611,272.006957610143,"First vs Second","Stability Lasso","Fixed"
"110","prop_o65","prop_o65",0.0754744400527582,-0.145965074363716,0.296913954469233,212.016669835611,272.006957610143,"First vs Second","Stability Lasso","Fixed"
"111","Crime_score","Crime_score",-0.0296974103752432,-0.0994360960217726,0.0400412752712862,212.016669835611,272.006957610143,"First vs Second","Stability Lasso","Fixed"
"112","(Intercept)1","(Intercept)",19.2944188609684,19.1238939473382,19.4649437745986,1177.03515518486,1237.0254429594,"Second vs Third","Stability Lasso","Fixed"
"113","Pop_per_km21","Pop_per_km2",-1.02573593766987,-1.44280608082192,-0.608665794517824,1177.03515518486,1237.0254429594,"Second vs Third","Stability Lasso","Fixed"
"114","Median_age1","Median_age",1.18411420087575,-0.071956066205288,2.4401844679568,1177.03515518486,1237.0254429594,"Second vs Third","Stability Lasso","Fixed"
"115","prop_not_in_work1","prop_not_in_work",-0.066647711338591,-0.573734653043158,0.440439230365976,1177.03515518486,1237.0254429594,"Second vs Third","Stability Lasso","Fixed"
"116","prop_all_other_white1","prop_all_other_white",0.371694902979033,0.0650871103374312,0.678302695620635,1177.03515518486,1237.0254429594,"Second vs Third","Stability Lasso","Fixed"
"117","prop_asian1","prop_asian",1.87916716663463,1.61436355678119,2.14397077648808,1177.03515518486,1237.0254429594,"Second vs Third","Stability Lasso","Fixed"
"118","prop_other1","prop_other",0.0854007744989395,-0.284055623166996,0.454857172164875,1177.03515518486,1237.0254429594,"Second vs Third","Stability Lasso","Fixed"
"119","IMD_Average_score1","IMD_Average_score",0.824036210295071,-0.201289445177715,1.84936186576786,1177.03515518486,1237.0254429594,"Second vs Third","Stability Lasso","Fixed"
"120","prop_u251","prop_u25",0.688013414967221,-0.0971335564640908,1.47316038639853,1177.03515518486,1237.0254429594,"Second vs Third","Stability Lasso","Fixed"
"121","Income_score1","Income_score",1.06163787780334,0.0222851351341906,2.10099062047249,1177.03515518486,1237.0254429594,"Second vs Third","Stability Lasso","Fixed"
"122","Living_Environment_score1","Living_Environment_score",0.149988190038689,-0.104809909762688,0.404786289840066,1177.03515518486,1237.0254429594,"Second vs Third","Stability Lasso","Fixed"
"123","unringfenced_percapita1","unringfenced_percapita",0.303560199638629,0.0171447302032511,0.589975669074007,1177.03515518486,1237.0254429594,"Second vs Third","Stability Lasso","Fixed"
"124","prop_black_afr_car1","prop_black_afr_car",0.98138188038142,0.672878845077134,1.28988491568571,1177.03515518486,1237.0254429594,"Second vs Third","Stability Lasso","Fixed"
"125","prop_o651","prop_o65",-2.29055749620034,-3.32003133920824,-1.26108365319243,1177.03515518486,1237.0254429594,"Second vs Third","Stability Lasso","Fixed"
"126","Crime_score1","Crime_score",0.340789091264351,0.016573456543325,0.665004725985376,1177.03515518486,1237.0254429594,"Second vs Third","Stability Lasso","Fixed"
"127","1","(Intercept)",4.12704501321806,4.05625747837541,4.19783254806071,286.863192832788,350.602873593228,"First vs Second","Stability Lasso","Random"
"128","2","Pop_per_km2",0.209308305176886,0.119133658629249,0.299482951724522,286.863192832788,350.602873593228,"First vs Second","Stability Lasso","Random"
"129","3","Median_age",-0.257116461289517,-0.531120459166228,0.0168875365871947,286.863192832788,350.602873593228,"First vs Second","Stability Lasso","Random"
"130","4","prop_not_in_work",0.112226821017533,0.00042027893551614,0.22403336309955,286.863192832788,350.602873593228,"First vs Second","Stability Lasso","Random"
"131","5","prop_all_other_white",0.176712494904605,0.10986260212811,0.2435623876811,286.863192832788,350.602873593228,"First vs Second","Stability Lasso","Random"
"132","6","prop_asian",0.189364316774016,0.132529023147738,0.246199610400295,286.863192832788,350.602873593228,"First vs Second","Stability Lasso","Random"
"133","7","prop_other",0.0319373079210947,-0.0479034436940893,0.111778059536279,286.863192832788,350.602873593228,"First vs Second","Stability Lasso","Random"
"134","8","IMD_Average_score",0.23668551046289,0.0161455833742851,0.457225437551495,286.863192832788,350.602873593228,"First vs Second","Stability Lasso","Random"
"135","9","prop_u25",0.241305286393982,0.0664277733607168,0.416182799427247,286.863192832788,350.602873593228,"First vs Second","Stability Lasso","Random"
"136","10","Income_score",0.115470448872397,-0.108176590501049,0.339117488245844,286.863192832788,350.602873593228,"First vs Second","Stability Lasso","Random"
"137","11","Living_Environment_score",0.092077903384044,0.0351149982644948,0.149040808503593,286.863192832788,350.602873593228,"First vs Second","Stability Lasso","Random"
"138","12","unringfenced_percapita",0.162767719618752,0.10132786539177,0.224207573845734,286.863192832788,350.602873593228,"First vs Second","Stability Lasso","Random"
"139","13","prop_black_afr_car",0.0175141962220376,-0.0496780405498867,0.084706432993962,286.863192832788,350.602873593228,"First vs Second","Stability Lasso","Random"
"140","14","prop_o65",0.060371243796508,-0.166183382350394,0.28692586994341,286.863192832788,350.602873593228,"First vs Second","Stability Lasso","Random"
"141","15","Crime_score",-0.0369008410208497,-0.108014925078567,0.0342132430368672,286.863192832788,350.602873593228,"First vs Second","Stability Lasso","Random"
"142","16","(Intercept)",19.2468362359187,18.8379650470105,19.6557074248269,1199.92097380899,1263.66065456943,"Second vs Third","Stability Lasso","Random"
"143","17","Pop_per_km2",-0.953985603608702,-1.36968744217706,-0.538283765040345,1199.92097380899,1263.66065456943,"Second vs Third","Stability Lasso","Random"
"144","18","Median_age",1.28200553093117,0.0164072632964043,2.54760379856593,1199.92097380899,1263.66065456943,"Second vs Third","Stability Lasso","Random"
"145","19","prop_not_in_work",-0.0515013838768113,-0.575497893626889,0.472495125873267,1199.92097380899,1263.66065456943,"Second vs Third","Stability Lasso","Random"
"146","20","prop_all_other_white",0.375119807404841,0.0644529656428073,0.685786649166874,1199.92097380899,1263.66065456943,"Second vs Third","Stability Lasso","Random"
"147","21","prop_asian",1.85350835331679,1.59263688716935,2.11437981946422,1199.92097380899,1263.66065456943,"Second vs Third","Stability Lasso","Random"
"148","22","prop_other",0.125830229803287,-0.243443334332557,0.495103793939132,1199.92097380899,1263.66065456943,"Second vs Third","Stability Lasso","Random"
"149","23","IMD_Average_score",0.72725139055703,-0.288522243642564,1.74302502475662,1199.92097380899,1263.66065456943,"Second vs Third","Stability Lasso","Random"
"150","24","prop_u25",0.774933054710752,-0.0458649179302253,1.59573102735173,1199.92097380899,1263.66065456943,"Second vs Third","Stability Lasso","Random"
"151","25","Income_score",1.11295759283914,0.0850340850941158,2.14088110058416,1199.92097380899,1263.66065456943,"Second vs Third","Stability Lasso","Random"
"152","26","Living_Environment_score",0.0903446300416417,-0.178674882084838,0.359364142168122,1199.92097380899,1263.66065456943,"Second vs Third","Stability Lasso","Random"
"153","27","unringfenced_percapita",0.27282085607288,-0.00963474908039014,0.555276461226151,1199.92097380899,1263.66065456943,"Second vs Third","Stability Lasso","Random"
"154","28","prop_black_afr_car",0.989127802088557,0.675515104730675,1.30274049944644,1199.92097380899,1263.66065456943,"Second vs Third","Stability Lasso","Random"
"155","29","prop_o65",-2.26305289680856,-3.320200936022,-1.20590485759512,1199.92097380899,1263.66065456943,"Second vs Third","Stability Lasso","Random"
"156","30","Crime_score",0.363705976704729,0.0341134419181254,0.693298511491333,1199.92097380899,1263.66065456943,"Second vs Third","Stability Lasso","Random"
"157","(Intercept)","(Intercept)",4.12090432678914,4.09121198121874,4.15059667235954,90.3275202798657,195.310523885297,"First vs Second","Stepwise","Fixed"
"158","Pop_per_km2","Pop_per_km2",7.41038504056338,4.94013263418649,9.88063744694027,90.3275202798657,195.310523885297,"First vs Second","Stepwise","Fixed"
"159","Median_age","Median_age",-0.390051896717019,-0.624589028180494,-0.155514765253543,90.3275202798657,195.310523885297,"First vs Second","Stepwise","Fixed"
"160","prop_travelling_to_work","prop_travelling_to_work",-0.040025053595191,-0.119439594692399,0.0393894875020173,90.3275202798657,195.310523885297,"First vs Second","Stepwise","Fixed"
"161","prop_all_other_white","prop_all_other_white",0.146694553300899,0.0904710275911672,0.202918079010632,90.3275202798657,195.310523885297,"First vs Second","Stepwise","Fixed"
"162","prop_asian","prop_asian",0.161670786904106,0.112859226583345,0.210482347224867,90.3275202798657,195.310523885297,"First vs Second","Stepwise","Fixed"
"163","prop_u25","prop_u25",0.266259995747214,0.117327474371377,0.415192517123051,90.3275202798657,195.310523885297,"First vs Second","Stepwise","Fixed"
"164","mean_popden","mean_popden",-7.33000795618472,-9.80964567981519,-4.85037023255425,90.3275202798657,195.310523885297,"First vs Second","Stepwise","Fixed"
"165","no_jobs","no_jobs",-0.128641522824196,-0.284940526105936,0.0276574804575429,90.3275202798657,195.310523885297,"First vs Second","Stepwise","Fixed"
"166","residential_percent_change_from_baseline","residential_percent_change_from_baseline",-0.330494797603379,-0.410804205948805,-0.250185389257953,90.3275202798657,195.310523885297,"First vs Second","Stepwise","Fixed"
"167","Specialised_services","Specialised_services",-0.0475385816921197,-0.0818442385604285,-0.0132329248238109,90.3275202798657,195.310523885297,"First vs Second","Stepwise","Fixed"
"168","unringfenced_percapita","unringfenced_percapita",1.05230998383196,0.753378954388636,1.35124101327528,90.3275202798657,195.310523885297,"First vs Second","Stepwise","Fixed"
"169","ASC_workforce_capacity","ASC_workforce_capacity",0.148471793819603,-0.0490554062954109,0.345998993934616,90.3275202798657,195.310523885297,"First vs Second","Stepwise","Fixed"
"170","ASC_rapid_testing","ASC_rapid_testing",-0.534329227913257,-0.756338122547833,-0.31232033327868,90.3275202798657,195.310523885297,"First vs Second","Stepwise","Fixed"
"171","DWP_winter_grant_percapita","DWP_winter_grant_percapita",-0.565584700791951,-0.72699604845123,-0.404173353132673,90.3275202798657,195.310523885297,"First vs Second","Stepwise","Fixed"
"172","sales_compensation","sales_compensation",-0.0773275833862717,-0.131043638906979,-0.0236115278655649,90.3275202798657,195.310523885297,"First vs Second","Stepwise","Fixed"
"173","fire_contingency","fire_contingency",-0.118125075639408,-0.205125849965572,-0.031124301313244,90.3275202798657,195.310523885297,"First vs Second","Stepwise","Fixed"
"174","protect_and_vaccinate","protect_and_vaccinate",0.0527173046540137,0.00963670727299804,0.0957979020350294,90.3275202798657,195.310523885297,"First vs Second","Stepwise","Fixed"
"175","Income_score","Income_score",0.248941648426453,0.103473203833426,0.39441009301948,90.3275202798657,195.310523885297,"First vs Second","Stepwise","Fixed"
"176","Education_Skills_and_Training_score","Education_Skills_and_Training_score",-0.219853993055398,-0.307688229197141,-0.132019756913654,90.3275202798657,195.310523885297,"First vs Second","Stepwise","Fixed"
"177","Living_Environment_score","Living_Environment_score",0.100510550091039,0.0597730738941732,0.141248026287906,90.3275202798657,195.310523885297,"First vs Second","Stepwise","Fixed"
"178","Population","Population",-0.0355861263421494,-0.309048383952447,0.237876131268148,90.3275202798657,195.310523885297,"First vs Second","Stepwise","Fixed"
"179","prop_black_afr_car","prop_black_afr_car",0.0714513054749737,0.00983475762197936,0.133067853327968,90.3275202798657,195.310523885297,"First vs Second","Stepwise","Fixed"
"180","prop_o65","prop_o65",0.0892142107262118,-0.103652021852581,0.282080443305004,90.3275202798657,195.310523885297,"First vs Second","Stepwise","Fixed"
"181","contain_outbreak_management_percapita","contain_outbreak_management_percapita",0.0638445522885102,-0.0156198087986801,0.143308913375701,90.3275202798657,195.310523885297,"First vs Second","Stepwise","Fixed"
"182","Health_Deprivation_and_Disability_score","Health_Deprivation_and_Disability_score",0.0108893545923024,-0.0795832376614389,0.101361946846044,90.3275202798657,195.310523885297,"First vs Second","Stepwise","Fixed"
"183","Crime_score","Crime_score",0.0237646652923306,-0.0377906444796436,0.0853199750643048,90.3275202798657,195.310523885297,"First vs Second","Stepwise","Fixed"
"184","(Intercept)1","(Intercept)",19.2944188609684,19.1419411972591,19.4468965246777,1117.81642561451,1222.79942921994,"Second vs Third","Stepwise","Fixed"
"185","Pop_per_km21","Pop_per_km2",12.4762917753997,-0.209075731308044,25.1616592821074,1117.81642561451,1222.79942921994,"Second vs Third","Stepwise","Fixed"
"186","Median_age1","Median_age",1.12457522424542,-0.0798319443916151,2.32898239288245,1117.81642561451,1222.79942921994,"Second vs Third","Stepwise","Fixed"
"187","prop_travelling_to_work1","prop_travelling_to_work",0.445512667700411,0.0376990221822256,0.853326313218596,1117.81642561451,1222.79942921994,"Second vs Third","Stepwise","Fixed"
"188","prop_all_other_white1","prop_all_other_white",0.322046242098136,0.0333242943693798,0.610768189826892,1117.81642561451,1222.79942921994,"Second vs Third","Stepwise","Fixed"
"189","prop_asian1","prop_asian",1.63125971818416,1.38060007723158,1.88191935913675,1117.81642561451,1222.79942921994,"Second vs Third","Stepwise","Fixed"
"190","prop_u251","prop_u25",1.11096405167298,0.346158089951821,1.87577001339414,1117.81642561451,1222.79942921994,"Second vs Third","Stepwise","Fixed"
"191","mean_popden1","mean_popden",-13.0408163832528,-25.7743798549645,-0.307252911541157,1117.81642561451,1222.79942921994,"Second vs Third","Stepwise","Fixed"
"192","no_jobs1","no_jobs",-1.47885636730662,-2.28149106667688,-0.676221667936364,1117.81642561451,1222.79942921994,"Second vs Third","Stepwise","Fixed"
"193","residential_percent_change_from_baseline1","residential_percent_change_from_baseline",-0.92920798565355,-1.34161699959808,-0.516798971709024,1117.81642561451,1222.79942921994,"Second vs Third","Stepwise","Fixed"
"194","Specialised_services1","Specialised_services",-0.0463300075850269,-0.222498185302455,0.129838170132401,1117.81642561451,1222.79942921994,"Second vs Third","Stepwise","Fixed"
"195","unringfenced_percapita1","unringfenced_percapita",0.589750596072204,-0.945335437184114,2.12483662932852,1117.81642561451,1222.79942921994,"Second vs Third","Stepwise","Fixed"
"196","ASC_workforce_capacity1","ASC_workforce_capacity",-0.722037326553482,-1.73638918774853,0.292314534641566,1117.81642561451,1222.79942921994,"Second vs Third","Stepwise","Fixed"
"197","ASC_rapid_testing1","ASC_rapid_testing",-0.126818592787273,-1.26689011378951,1.01325292821497,1117.81642561451,1222.79942921994,"Second vs Third","Stepwise","Fixed"
"198","DWP_winter_grant_percapita1","DWP_winter_grant_percapita",-0.311881108301011,-1.14076898207666,0.517006765474634,1117.81642561451,1222.79942921994,"Second vs Third","Stepwise","Fixed"
"199","sales_compensation1","sales_compensation",-0.0793330202656886,-0.355178477811584,0.196512437280206,1117.81642561451,1222.79942921994,"Second vs Third","Stepwise","Fixed"
"200","fire_contingency1","fire_contingency",-0.237078221663854,-0.683849083154171,0.209692639826463,1117.81642561451,1222.79942921994,"Second vs Third","Stepwise","Fixed"
"201","protect_and_vaccinate1","protect_and_vaccinate",-0.194774377243526,-0.4160040818583,0.026455327371248,1117.81642561451,1222.79942921994,"Second vs Third","Stepwise","Fixed"
"202","Income_score1","Income_score",1.01348363885479,0.266466582813045,1.76050069489653,1117.81642561451,1222.79942921994,"Second vs Third","Stepwise","Fixed"
"203","Education_Skills_and_Training_score1","Education_Skills_and_Training_score",0.399098640983491,-0.0519522565898339,0.850149538556817,1117.81642561451,1222.79942921994,"Second vs Third","Stepwise","Fixed"
"204","Living_Environment_score1","Living_Environment_score",0.326395351608381,0.117198163693908,0.535592539522854,1117.81642561451,1222.79942921994,"Second vs Third","Stepwise","Fixed"
"205","Population1","Population",2.08057846985759,0.676280986715563,3.48487595299962,1117.81642561451,1222.79942921994,"Second vs Third","Stepwise","Fixed"
"206","prop_black_afr_car1","prop_black_afr_car",1.16228908360733,0.845872610540801,1.47870555667385,1117.81642561451,1222.79942921994,"Second vs Third","Stepwise","Fixed"
"207","prop_o651","prop_o65",-1.99483278520641,-2.98524940562154,-1.00441616479128,1117.81642561451,1222.79942921994,"Second vs Third","Stepwise","Fixed"
"208","contain_outbreak_management_percapita1","contain_outbreak_management_percapita",0.851659719754597,0.443590236055475,1.25972920345372,1117.81642561451,1222.79942921994,"Second vs Third","Stepwise","Fixed"
"209","Health_Deprivation_and_Disability_score1","Health_Deprivation_and_Disability_score",-0.569736340244522,-1.03433586013995,-0.105136820349096,1117.81642561451,1222.79942921994,"Second vs Third","Stepwise","Fixed"
"210","Crime_score1","Crime_score",0.486529044941199,0.170427044825349,0.80263104505705,1117.81642561451,1222.79942921994,"Second vs Third","Stepwise","Fixed"
"211","1","(Intercept)",4.15125122827526,4.07025182766571,4.23225062888481,213.754134722407,307.488959370113,"First vs Second","Stepwise","Random"
"212","2","Pop_per_km2",8.05273034302986,5.56152101820623,10.5439396678535,213.754134722407,307.488959370113,"First vs Second","Stepwise","Random"
"213","3","Median_age",-0.344771557586171,-0.584619429625859,-0.104923685546483,213.754134722407,307.488959370113,"First vs Second","Stepwise","Random"
"214","4","prop_travelling_to_work",-0.090415038902301,-0.171448091630518,-0.00938198617408417,213.754134722407,307.488959370113,"First vs Second","Stepwise","Random"
"215","5","prop_all_other_white",0.152980107900554,0.0948812938964874,0.211078921904621,213.754134722407,307.488959370113,"First vs Second","Stepwise","Random"
"216","6","prop_asian",0.159827655125074,0.110946976085333,0.208708334164815,213.754134722407,307.488959370113,"First vs Second","Stepwise","Random"
"217","7","mean_popden",-7.89922093128147,-10.4015714653528,-5.39687039721014,213.754134722407,307.488959370113,"First vs Second","Stepwise","Random"
"218","8","residential_percent_change_from_baseline",-0.317141052240688,-0.39772235262081,-0.236559751860565,213.754134722407,307.488959370113,"First vs Second","Stepwise","Random"
"219","9","unringfenced_percapita",0.889288462875782,0.568201696662846,1.21037522908872,213.754134722407,307.488959370113,"First vs Second","Stepwise","Random"
"220","10","ASC_rapid_testing",-0.531552590476467,-0.757176956198352,-0.305928224754583,213.754134722407,307.488959370113,"First vs Second","Stepwise","Random"
"221","11","DWP_winter_grant_percapita",-0.51546398996788,-0.701790256032635,-0.329137723903124,213.754134722407,307.488959370113,"First vs Second","Stepwise","Random"
"222","12","sales_compensation",-0.0939951535189462,-0.136400801590078,-0.0515895054478144,213.754134722407,307.488959370113,"First vs Second","Stepwise","Random"
"223","13","Education_Skills_and_Training_score",-0.149745262835374,-0.244579054669132,-0.0549114710016156,213.754134722407,307.488959370113,"First vs Second","Stepwise","Random"
"224","14","Living_Environment_score",0.104284521413538,0.0581547305600342,0.150414312267042,213.754134722407,307.488959370113,"First vs Second","Stepwise","Random"
"225","15","prop_black_afr_car",0.0875842016603,0.0222564345596959,0.152911968760904,213.754134722407,307.488959370113,"First vs Second","Stepwise","Random"
"226","16","prop_o65",0.0205396247124776,-0.181407600594059,0.222486850019014,213.754134722407,307.488959370113,"First vs Second","Stepwise","Random"
"227","17","prop_u25",0.266059324286972,0.106920037544739,0.425198611029206,213.754134722407,307.488959370113,"First vs Second","Stepwise","Random"
"228","18","Core_services_funding_percapita",0.0139042213544397,-0.082837406216536,0.110645848925415,213.754134722407,307.488959370113,"First vs Second","Stepwise","Random"
"229","19","Primary_care_funding_percapita",-0.18353646076108,-1.14401167928198,0.776938757759814,213.754134722407,307.488959370113,"First vs Second","Stepwise","Random"
"230","20","contain_outbreak_management_percapita",0.112627046719831,0.027380179035483,0.197873914404179,213.754134722407,307.488959370113,"First vs Second","Stepwise","Random"
"231","21","omicron_support_fund_percapita",0.0301579229328125,-0.0624047710234654,0.12272061688909,213.754134722407,307.488959370113,"First vs Second","Stepwise","Random"
"232","22","Income_score",0.198196590416374,0.055193662398462,0.341199518434285,213.754134722407,307.488959370113,"First vs Second","Stepwise","Random"
"233","23","Health_Deprivation_and_Disability_score",0.00247190437758111,-0.0912026853386703,0.0961464940938325,213.754134722407,307.488959370113,"First vs Second","Stepwise","Random"
"234","24","(Intercept)",19.3392664385812,18.8955513957269,19.7829814814354,1150.31273583934,1244.04756048704,"Second vs Third","Stepwise","Random"
"235","25","Pop_per_km2",8.39109836466198,-4.05489027354396,20.8370870028679,1150.31273583934,1244.04756048704,"Second vs Third","Stepwise","Random"
"236","26","Median_age",1.10255908007604,-0.0957185419986952,2.30083670215078,1150.31273583934,1244.04756048704,"Second vs Third","Stepwise","Random"
"237","27","prop_travelling_to_work",0.262970741436229,-0.143901001984573,0.669842484857031,1150.31273583934,1244.04756048704,"Second vs Third","Stepwise","Random"
"238","28","prop_all_other_white",0.486354514433776,0.195011159288687,0.777697869578866,1150.31273583934,1244.04756048704,"Second vs Third","Stepwise","Random"
"239","29","prop_asian",1.64679316067484,1.40269652018495,1.89088980116474,1150.31273583934,1244.04756048704,"Second vs Third","Stepwise","Random"
"240","30","mean_popden",-8.70511773639808,-21.207402693135,3.79716722033883,1150.31273583934,1244.04756048704,"Second vs Third","Stepwise","Random"
"241","31","residential_percent_change_from_baseline",-0.843643190789763,-1.24667982431954,-0.440606557259988,1150.31273583934,1244.04756048704,"Second vs Third","Stepwise","Random"
"242","32","unringfenced_percapita",0.373875041758027,-1.23651434593495,1.984264429451,1150.31273583934,1244.04756048704,"Second vs Third","Stepwise","Random"
"243","33","ASC_rapid_testing",-0.214541610863481,-1.34597186274666,0.916888641019699,1150.31273583934,1244.04756048704,"Second vs Third","Stepwise","Random"
"244","34","DWP_winter_grant_percapita",-0.0279814045996661,-0.961011107284992,0.90504829808566,1150.31273583934,1244.04756048704,"Second vs Third","Stepwise","Random"
"245","35","sales_compensation",-0.180026139801117,-0.392042233332265,0.0319899537300319,1150.31273583934,1244.04756048704,"Second vs Third","Stepwise","Random"
"246","36","Education_Skills_and_Training_score",0.694962185311699,0.217434806560874,1.17248956406252,1150.31273583934,1244.04756048704,"Second vs Third","Stepwise","Random"
"247","37","Living_Environment_score",0.171131555156495,-0.0625066890393087,0.404769799352299,1150.31273583934,1244.04756048704,"Second vs Third","Stepwise","Random"
"248","38","prop_black_afr_car",1.06750892790565,0.739707575185827,1.39531028062547,1150.31273583934,1244.04756048704,"Second vs Third","Stepwise","Random"
"249","39","prop_o65",-1.9550867007149,-2.96653498138748,-0.943638420042318,1150.31273583934,1244.04756048704,"Second vs Third","Stepwise","Random"
"250","40","prop_u25",1.14243726477102,0.342829321396917,1.94204520814512,1150.31273583934,1244.04756048704,"Second vs Third","Stepwise","Random"
"251","41","Core_services_funding_percapita",1.11482276868471,0.631560687864273,1.59808484950515,1150.31273583934,1244.04756048704,"Second vs Third","Stepwise","Random"
"252","42","Primary_care_funding_percapita",-10.9505944945582,-15.748241980841,-6.15294700827538,1150.31273583934,1244.04756048704,"Second vs Third","Stepwise","Random"
"253","43","contain_outbreak_management_percapita",0.90437565205071,0.473122436955706,1.33562886714571,1150.31273583934,1244.04756048704,"Second vs Third","Stepwise","Random"
"254","44","omicron_support_fund_percapita",-0.522557377744366,-0.985354708170537,-0.0597600473181947,1150.31273583934,1244.04756048704,"Second vs Third","Stepwise","Random"
"255","45","Income_score",1.40441382243686,0.6881073734426,2.12072027143111,1150.31273583934,1244.04756048704,"Second vs Third","Stepwise","Random"
"256","46","Health_Deprivation_and_Disability_score",-0.997374151995557,-1.46860884851101,-0.526139455480102,1150.31273583934,1244.04756048704,"Second vs Third","Stepwise","Random"
