"","Term","VIF","VIF_CI_low","VIF_CI_high","SE_factor","Tolerance","Tolerance_CI_low","Tolerance_CI_high","Dose"
"1","Median_age",13.783292429573,11.2584776057323,16.9295142632728,3.71258567976188,0.0725516058742564,0.0590684401483046,0.0888219557758718,"First"
"2","prop_all_other_white",2.36335429569516,2.02074964722332,2.8209508478858,1.53732049218605,0.423127417595194,0.354490401968352,0.494865854052768,"First"
"3","prop_asian",1.8434913905441,1.60201130293275,2.181834497884,1.35775233034015,0.542448966742857,0.458329905852084,0.624215321183647,"First"
"4","prop_black_afr_car",2.88336066155502,2.44064217787805,3.46212934478808,1.69804613057332,0.346817522113481,0.288839584085848,0.409728230161712,"First"
"5","prop_o65",17.7762620246733,14.4893655151721,21.8640626724765,4.21619046351956,0.0562547963464991,0.0457371539306299,0.0690161345541929,"First"
"6","no_jobs",1.19634066143481,1.09265213961243,1.4160687005601,1.09377358783014,0.835882313655265,0.706180427266322,0.915204358044548,"First"
"7","contain_outbreak_management_percapita",3.77545533604833,3.16174402771234,4.56339706442996,1.94305309655921,0.264868714099707,0.219134996556544,0.316281138268977,"First"
"8","omicron_support_fund_percapita",3.08490214062143,2.60349788075914,3.71083422568037,1.7563889491287,0.324159391259833,0.269481183794098,0.384098641827361,"First"
"9","Income_score",3.63933445404496,3.051681858871,4.39530533459126,1.9077039744271,0.274775515311198,0.227515479329719,0.327688155661796,"First"
"10","Living_Environment_score",1.45162480663206,1.28906910649899,1.70559240465276,1.20483393321738,0.688883239960686,0.586306550892261,0.775753599988072,"First"
"11","Population",23.1000739185355,18.8226842867462,28.4040239588345,4.80625362611416,0.0432899047650925,0.035206279273996,0.053127385274381,"Second"
"12","Median_age",13.9724934001335,11.4267415702275,17.139805890752,3.7379798555013,0.0715691875002386,0.0583437179145395,0.0875140120964589,"Second"
"13","prop_all_other_white",2.57589229339818,2.19450496071328,3.07905082194789,1.60495865784704,0.388214989641813,0.32477541223804,0.455683636128564,"Second"
"14","prop_asian",2.00742421266217,1.73539100504712,2.38008697045861,1.41683598650732,0.498150811219836,0.420152713918396,0.576239013047581,"Second"
"15","prop_black_afr_car",3.02529169104794,2.55804697204878,3.63265903237443,1.73933656635165,0.33054663884447,0.275280446385954,0.390923235940068,"Second"
"16","prop_o65",17.927148377857,14.6311208985915,22.0201607290852,4.23404633629074,0.0557813199803246,0.0454129291926173,0.0683474633919718,"Second"
"17","no_jobs",21.0049363205718,17.1250140132879,25.8184266296046,4.58311426003888,0.0476078567789145,0.0387320271039814,0.0583941128003787,"Second"
"18","unringfenced_percapita",11.0391552273495,9.04995594632296,13.5198992827848,3.32252241939004,0.0905866417678867,0.0739650480439099,0.110497775451195,"Second"
"19","DWP_winter_grant_percapita",6.38714063838343,5.28080698435,7.77939565222628,2.5272792956821,0.156564581338716,0.128544689678282,0.189364997236893,"Second"
"20","fire_contingency",5.96210476950974,4.93647042609445,7.25496474719371,2.44174215868706,0.167726002587879,0.137836644952246,0.202573886539246,"Second"
"21","Income_score",4.96498707261594,4.12872882018342,6.0247635348243,2.22822509469217,0.201410393496377,0.165981618070121,0.242205299391781,"Second"
"22","Living_Environment_score",1.52750244512937,1.3501707091806,1.7946376505008,1.2359216986239,0.654663436506187,0.557215546949517,0.740647084994822,"Second"
"23","Population",23.5254945246047,19.2195582987239,28.8490781861344,4.85030870405222,0.0425070766930798,0.0346631526161078,0.0520303320428751,"Third"
"24","Pop_per_km2",6218.59340199355,5053.18597429789,7652.82990277166,78.858058573576,0.000160808069503213,0.00013067061632166,0.000197894952825073,"Third"
"25","Median_age",3.30570856441686,2.79111082686801,3.96815356385372,1.81816076418365,0.302507005839579,0.252006376242364,0.358280291263866,"Third"
"26","prop_all_other_white",2.97884833360658,2.52581531988399,3.56639232572082,1.725934046714,0.335700206256984,0.280395399235244,0.395911764461834,"Third"
"27","prop_asian",1.92720483097099,1.67364917251283,2.27619662229982,1.38823803109229,0.518886204481008,0.439329357667538,0.597496785122889,"Third"
"28","prop_black_afr_car",3.45623177988366,2.91330949570717,4.15321414023537,1.85909434399755,0.289332447499704,0.240777375361466,0.343252236493762,"Third"
"29","mean_popden",6285.06482211716,5107.1990883337,7734.63317909471,79.2784007288061,0.000159107348659476,0.000129288613544443,0.000195802039964388,"Third"
"30","no_jobs",21.5627509168016,17.6246974441486,26.4336493453149,4.64357092298606,0.0463762719264546,0.037830569171004,0.0567385626430712,"Third"
"31","residential_percent_change_from_baseline",4.44011075724863,3.71228911590842,5.36323766250637,2.10715703193868,0.225219607048645,0.186454537898042,0.269375570915169,"Third"
"32","unringfenced_percapita",13.7467052564001,11.2736922997934,16.815004980907,3.70765495379493,0.0727447036470377,0.0594706930586982,0.0887020838787951,"Third"
"33","contain_outbreak_management_percapita",5.78694694045182,4.80634483837385,7.02017473027766,2.40560739532697,0.172802690311504,0.14244659690407,0.208058313256261,"Third"
"34","DWP_winter_grant_percapita",9.31415199710883,7.67208541928048,11.3603474906476,3.05190956568323,0.107363504515538,0.0880254764058276,0.130342657224192,"Third"
"35","fire_contingency",6.85818989631484,5.67664673623341,8.33824699552257,2.61881459754501,0.145811068972782,0.119929284960853,0.176160336632736,"Third"
"36","Income_score",10.0405961550991,8.26233492314602,12.2542838776413,3.16868997459504,0.0995956798334277,0.0816041157512732,0.12103116241374,"Third"
"37","Crime_score",3.74124470899931,3.14472397366415,4.50367816413164,1.93422974566087,0.267290722147784,0.222040732831275,0.31799293304424,"Third"
"38","Living_Environment_score",1.65558411294371,1.45472420838909,1.94516746901769,1.28669503494173,0.604016426699064,0.51409455274563,0.687415521260461,"Third"
"39","Pop_per_km2",5939.21681343454,4860.12535260872,7257.94777651045,77.0663143885481,0.000168372368177904,0.000137779993848453,0.000205756009865721,"First vs Second"
"40","Median_age",32.5982360490894,26.7747304238008,39.7374961831602,5.70948649609485,0.0306765064985145,0.0251651486895588,0.037348648676256,"First vs Second"
"41","prop_travelling_to_work",4.55288079393005,3.82640038843629,5.46609121181896,2.13374806243147,0.219641155844276,0.182946087295025,0.261342227285489,"First vs Second"
"42","prop_all_other_white",3.19458645162444,2.71561538528272,3.80727821338574,1.78734060873255,0.313029562712726,0.262654826874529,0.368240659343551,"First vs Second"
"43","prop_asian",2.22952138950992,1.9273186711044,2.63020857270348,1.49315819306258,0.448526757673231,0.380197985200901,0.518855555644555,"First vs Second"
"44","prop_u25",24.3634984229193,20.0363395088601,29.6742657801251,4.93593946710444,0.0410450085058096,0.0336992331136216,0.0499093159984536,"First vs Second"
"45","mean_popden",5949.53158991911,4868.56587267959,7270.55299668089,77.1332067913626,0.000168080458921237,0.000137541119699769,0.000205399295429398,"First vs Second"
"46","no_jobs",11.6947071452876,9.66975077811978,14.1926238539777,3.41975249766523,0.0855087679902232,0.070459134990725,0.103415281628845,"First vs Second"
"47","residential_percent_change_from_baseline",6.35114302207766,5.29752461740679,7.66307565214348,2.52014742070333,0.157451973058051,0.130495906003523,0.188767409728341,"First vs Second"
"48","Specialised_services",1.19937868673606,1.09866953715861,1.40287875943614,1.09516148888466,0.833765024390549,0.712819973410909,0.910191796694584,"First vs Second"
"49","unringfenced_percapita",90.3541545620324,74.0359700330886,110.318256933923,9.50548023836946,0.0110675597026748,0.00906468274420769,0.0135069480355707,"First vs Second"
"50","ASC_workforce_capacity",15.2138747237605,12.5493699119713,18.4930958314308,3.90049672782333,0.0657294751111782,0.0540742344664868,0.0796852755966704,"First vs Second"
"51","ASC_rapid_testing",51.4871542312152,42.2313708888052,62.8207129042745,7.17545498426512,0.0194223202841871,0.0159183166469917,0.0236790797682839,"First vs Second"
"52","DWP_winter_grant_percapita",26.5127377444357,21.7950344355462,32.3007313949782,5.14905212096709,0.0377177192955062,0.0309590512911875,0.0458820105541595,"First vs Second"
"53","sales_compensation",3.10016343433616,2.63843128298132,3.69201796665947,1.76072809778687,0.322563639363139,0.270854586578515,0.379013092533546,"First vs Second"
"54","fire_contingency",7.79528102705893,6.47909258466167,9.42764445448012,2.79200304925674,0.128282738817088,0.106071034480388,0.154342600747419,"First vs Second"
"55","protect_and_vaccinate",2.01227931994941,1.75022695451905,2.3658659095422,1.41854831428098,0.496948902712542,0.422678223633351,0.571354473440157,"First vs Second"
"56","Income_score",14.8820791379418,12.277870446951,18.0876338843013,3.85772979068543,0.0671949121309604,0.055286391044653,0.081447349059489,"First vs Second"
"57","Education_Skills_and_Training_score",7.24940401916057,6.03245701931467,8.76063271773734,2.69247173042923,0.137942373932663,0.114147006525606,0.16576993367681,"First vs Second"
"58","Living_Environment_score",1.82435810360925,1.59731305527216,2.13770539081321,1.35068801120364,0.548137998796197,0.467791307584993,0.626051353364551,"First vs Second"
"59","Population",24.4799564180662,19.9543604571255,30.086096291212,4.94772234650109,0.0408497459277338,0.033237944541582,0.0501143598236902,"Second vs Third"
"60","prop_all_other_white",3.00511361694935,2.54306932692884,3.60550873944054,1.73352635311649,0.332766120508666,0.27735337015302,0.393225614972778,"Second vs Third"
"61","prop_asian",2.02216732412506,1.74805813440632,2.39671770207832,1.42202929791375,0.494518919413691,0.417237290454711,0.572063354368717,"Second vs Third"
"62","prop_black_afr_car",3.01544017354552,2.55143181620028,3.61822598371725,1.73650228146856,0.331626542875235,0.276378535917934,0.391936791589144,"Second vs Third"
"63","prop_o65",4.67187344757492,3.89361149560151,5.65945571321523,2.16145169910755,0.214046893868472,0.176695436924249,0.25683096557776,"Second vs Third"
"64","mean_popden",5.08234233630681,4.22632820286893,6.16547539583343,2.25440509587492,0.196759669819226,0.16219349454801,0.236612007397148,"Second vs Third"
"65","no_jobs",22.6311539706201,18.4552399491215,27.8060951017878,4.75722124465745,0.0441868762546622,0.035963338122069,0.054185152984023,"Second vs Third"
"66","residential_percent_change_from_baseline",4.78937381063431,3.98885197936574,5.80430411939249,2.18846380153621,0.208795562747598,0.172285941506571,0.25069869856615,"Second vs Third"
"67","contain_outbreak_management_percapita",3.37910192331747,2.84598662115014,4.06617929766272,1.83823337020017,0.295936619460782,0.245931112918412,0.351371996118476,"Second vs Third"
"68","Income_score",12.9913835674637,10.6388133465124,15.9181517156432,3.60435619320062,0.0769740955462552,0.0628213638030143,0.0939954454909036,"Second vs Third"
"69","Health_Deprivation_and_Disability_score",8.26768006379206,6.8087480126422,10.0930392219949,2.87535738018634,0.120952914515821,0.0990781842817753,0.146869879476115,"Second vs Third"
"70","Crime_score",3.55045582997105,2.98480990662301,4.27730374527439,1.88426532897335,0.281653975683498,0.233792140926351,0.33502971086403,"Second vs Third"
"71","Living_Environment_score",1.58923340326774,1.39992383484234,1.86815531678265,1.26064800926656,0.629234194262358,0.535287398759868,0.714324576174262,"Second vs Third"
